iconName	slug	type	itemLevel	sourceID	name	sourceURL	sha256	bytes
source_gear_601011	amulet	Amulet	1	601011	Copper Amulet	https://taskbarhero.org/assets/tbhdb/game/gear/amulet/AMULET_600001.png	7854e39a1a0c7a6aa615fbb5e16c32d0cfd839e17f6a0d3742bfc4d5c5bd8479	218
source_gear_601021	amulet	Amulet	5	601021	Bronze Amulet	https://taskbarhero.org/assets/tbhdb/game/gear/amulet/AMULET_600002.png	2a44d7e5d19eec64e1e9655c2b2f7c5da2c297165fb337c38277cd773d50e0d7	233
source_gear_601031	amulet	Amulet	10	601031	Silver Amulet	https://taskbarhero.org/assets/tbhdb/game/gear/amulet/AMULET_600003.png	23c1d0dcfa1c34548ec0c3e7046900544a7834847ebce68f431f11d7928e1b68	271
source_gear_601041	amulet	Amulet	15	601041	Gold Amulet	https://taskbarhero.org/assets/tbhdb/game/gear/amulet/AMULET_600004.png	8173a86d7b1814456696937e8288ba141f3eb466605a6e3cea372046632bacc8	272
source_gear_601051	amulet	Amulet	20	601051	Platinum Amulet	https://taskbarhero.org/assets/tbhdb/game/gear/amulet/AMULET_600005.png	789359c69a60a50cf364ea4eba54fc044a2a0af3459d28eaaa04096e92bcdb16	343
source_gear_601061	amulet	Amulet	25	601061	Crystal Amulet	https://taskbarhero.org/assets/tbhdb/game/gear/amulet/AMULET_600006.png	322340e01d0d7a330af53c50b8332c2dea5d5f8a5ca901ff86d5978a4656796c	308
source_gear_601071	amulet	Amulet	30	601071	Moonstone Pendant	https://taskbarhero.org/assets/tbhdb/game/gear/amulet/AMULET_600007.png	ff6dbae5198a8909755ab6277c988f92144073b43542af0422c1cf73d097f6ca	342
source_gear_601081	amulet	Amulet	35	601081	Amber Pendant	https://taskbarhero.org/assets/tbhdb/game/gear/amulet/AMULET_600008.png	9e3ce226d4ea013acf78ca2278b7d6fdb72d59d2cb16fc59919ba7ac80745ae0	346
source_gear_601091	amulet	Amulet	40	601091	Ruby Pendant	https://taskbarhero.org/assets/tbhdb/game/gear/amulet/AMULET_600009.png	056aa29a51fca04d1313358298e65231957f2b0c14688d4c17bf0ce6a4287a3f	352
source_gear_601101	amulet	Amulet	45	601101	Amethyst Pendant	https://taskbarhero.org/assets/tbhdb/game/gear/amulet/AMULET_600010.png	1b12fbd193cfc59f3653155746df5e9ee35f64f9a407fed21650ec3b24969d0b	346
source_gear_601111	amulet	Amulet	50	601111	Emerald Amulet	https://taskbarhero.org/assets/tbhdb/game/gear/amulet/AMULET_600011.png	9a9f710364cd195c0e989479d3e76b1e2267e884ad50bd5b94377306fea53bd6	361
source_gear_601121	amulet	Amulet	55	601121	Diamond Amulet	https://taskbarhero.org/assets/tbhdb/game/gear/amulet/AMULET_600012.png	641ca72bf8f2fdf18828b552f4a7b685caa626f84a8048e006eb96ec900eb0e2	303
source_gear_601131	amulet	Amulet	60	601131	Stardust Amulet	https://taskbarhero.org/assets/tbhdb/game/gear/amulet/AMULET_600013.png	6f9989523bd70abe5a756f45c05bfd5194387cf63f165f8e229cbb3485d83811	351
source_gear_601141	amulet	Amulet	65	601141	Eclipse Amulet	https://taskbarhero.org/assets/tbhdb/game/gear/amulet/AMULET_600014.png	7e38d0f133e6e9c8a7c86f75296b14f69a6a3e9bdfbfd341d292401bc0cf239f	376
source_gear_601151	amulet	Amulet	70	601151	Celestial Amulet	https://taskbarhero.org/assets/tbhdb/game/gear/amulet/AMULET_600015.png	c0a4f6347d760d7ab470e30eaa13c2654e6c49012dfaa412e5aa2132360004ad	386
source_gear_601161	amulet	Amulet	75	601161	Astral Amulet	https://taskbarhero.org/assets/tbhdb/game/gear/amulet/AMULET_600016.png	915bd686a551e13e3b2729256385fe6d1669ba68cece281706acd64113a50504	353
source_gear_601171	amulet	Amulet	80	601171	Ethereal Amulet	https://taskbarhero.org/assets/tbhdb/game/gear/amulet/AMULET_600017.png	fc35740e3c27e22afb54935f01519a488f8b8f73b8ae5e918b7e6de2f8ecaff8	348
source_gear_601181	amulet	Amulet	85	601181	Void Amulet	https://taskbarhero.org/assets/tbhdb/game/gear/amulet/AMULET_600018.png	772ba041c08fc2b0a59da4fb7660d03f5836a511563c6e768d2e6945aa8f57ed	358
source_gear_601191	amulet	Amulet	90	601191	Abyss Amulet	https://taskbarhero.org/assets/tbhdb/game/gear/amulet/AMULET_600019.png	562d74676daa9cac90bba15cf5f26e1069996b567c530141a088a9bb8b345ad2	372
source_gear_510001	armor	Armor	1	510001	Wooden Armor	https://taskbarhero.org/assets/tbhdb/game/gear/armor/ARMOR_510001.png	67a6df4183ac72579b9f7b05bc267cc5797713955551b8d5d381d9351be68872	422
source_gear_510002	armor	Armor	5	510002	Empire Armor	https://taskbarhero.org/assets/tbhdb/game/gear/armor/ARMOR_510002.png	c45fea88101aaf85637f6ab0b7626e536b98dc2b2b8c3410d39095b2c96c05ca	385
source_gear_510003	armor	Armor	10	510003	Iron Plate	https://taskbarhero.org/assets/tbhdb/game/gear/armor/ARMOR_510003.png	b47a37f29e65102156ac2a697f7efe07d6d830de24c4fe9bd6cee05109a0e6ab	376
source_gear_510004	armor	Armor	15	510004	Chain Mail	https://taskbarhero.org/assets/tbhdb/game/gear/armor/ARMOR_510004.png	e958feb16df3dd4947253074caebef2d52cbff5fae2f98d7790decc135cbefe7	303
source_gear_510005	armor	Armor	20	510005	Knight's Armor	https://taskbarhero.org/assets/tbhdb/game/gear/armor/ARMOR_510005.png	2faa27b93f54db6b4eb3e6cf5f691ae1ed6e0edb52e86aca42a55c87ddb13363	433
source_gear_510006	armor	Armor	25	510006	Fate Armor	https://taskbarhero.org/assets/tbhdb/game/gear/armor/ARMOR_510006.png	34db11ac130f5f78640553654520dc3a38c52679000bf90a9d0908b76316bb53	387
source_gear_510007	armor	Armor	30	510007	War Armor	https://taskbarhero.org/assets/tbhdb/game/gear/armor/ARMOR_510007.png	a08b30b35163676e478dd7e8cf19aeddd71483fa9b1d50bb9667555c8104d675	436
source_gear_510008	armor	Armor	35	510008	Heavy Armor	https://taskbarhero.org/assets/tbhdb/game/gear/armor/ARMOR_510008.png	156bb95951c3196b1a3fb47469843790c0104bd72d38fd1b933f5dd092de57d0	332
source_gear_510009	armor	Armor	40	510009	Rune Plate	https://taskbarhero.org/assets/tbhdb/game/gear/armor/ARMOR_510009.png	80694099f911abc4112ec674b84a20cd75cfefad1f5da675789656c58233d683	381
source_gear_510010	armor	Armor	45	510010	Dragon Scale Armor	https://taskbarhero.org/assets/tbhdb/game/gear/armor/ARMOR_510010.png	eaf06dbb5a1f608a572b8bc31f02ace170cbcade9837124d5fd92677abc09e3f	412
source_gear_510011	armor	Armor	50	510011	Mystic Armor	https://taskbarhero.org/assets/tbhdb/game/gear/armor/ARMOR_510011.png	3ff268028c80e7703b955e14bd825840e729d8b6f028245d09069d2aff88bc21	415
source_gear_510012	armor	Armor	55	510012	Great Armor	https://taskbarhero.org/assets/tbhdb/game/gear/armor/ARMOR_510012.png	4aa850350c856aecb2732785ff16ce8a98947b79b6bc2f66e526fb73a164ed08	437
source_gear_510013	armor	Armor	60	510013	Ancient Armor	https://taskbarhero.org/assets/tbhdb/game/gear/armor/ARMOR_510013.png	987c82ccdee71e016ca8cf41c76acfc6fc760d61ea54635801efb64b684c9130	365
source_gear_510014	armor	Armor	65	510014	Shine Armor	https://taskbarhero.org/assets/tbhdb/game/gear/armor/ARMOR_510014.png	d6797b16e377a51808e6dff5c07f58b75918da966e24d31c62af11b45b69f1d2	392
source_gear_510015	armor	Armor	70	510015	Void Armor	https://taskbarhero.org/assets/tbhdb/game/gear/armor/ARMOR_510015.png	cb9c3b6f9201566ebcacc89ae6d7f44190f2e95138867429a5a0f5a0576e9fde	403
source_gear_510016	armor	Armor	75	510016	Dragon Armor	https://taskbarhero.org/assets/tbhdb/game/gear/armor/ARMOR_510016.png	482efa905d608b18c7c9034e94c08356560f96b60c374c18ba9903d7c7fb2e7e	490
source_gear_510017	armor	Armor	80	510017	Dimensional Armor	https://taskbarhero.org/assets/tbhdb/game/gear/armor/ARMOR_510017.png	0704aef9196aff299f30ee970d705eae7dac133bad4e0418e93964182052f05b	466
source_gear_510018	armor	Armor	85	510018	Shadow Armor	https://taskbarhero.org/assets/tbhdb/game/gear/armor/ARMOR_510018.png	965ebf4e6827849fcc6abcf791d8dafe577f6ebc7c87a71f2a8610c5b12df42c	417
source_gear_510019	armor	Armor	90	510019	Eternal Armor	https://taskbarhero.org/assets/tbhdb/game/gear/armor/ARMOR_510019.png	07e0a2cb3ed87dbdb76e093f84f8b3d5eac30654cd0c8812c7408af6f855dff3	461
source_gear_510020	armor	Armor	100	510020	Radiant Armor	https://taskbarhero.org/assets/tbhdb/game/gear/armor/ARMOR_510020.png	4c00d3d173eb22e84690b947fcd3d93541ba6ce0711df7c99edf1c0cbe59a2d2	402
source_gear_410001	arrow	Arrow	1	410001	Wooden Arrow	https://taskbarhero.org/assets/tbhdb/game/gear/arrow/ARROW_410001.png	29cead4e9a32c87a990c41afab59266c30ca0800c876563795e0c03e54976a09	266
source_gear_410002	arrow	Arrow	5	410002	Iron Arrow	https://taskbarhero.org/assets/tbhdb/game/gear/arrow/ARROW_410002.png	2f106afeee8819163087c55cccc175dc55c7717cd9a5d7a2cf1ac0f5e05b1ae3	248
source_gear_410003	arrow	Arrow	10	410003	Hunter's Arrow	https://taskbarhero.org/assets/tbhdb/game/gear/arrow/ARROW_410003.png	fe9d1c877f247e5fca7fcefe284acbccde260ce4c0571060bc496d9ee73bc9bd	261
source_gear_410004	arrow	Arrow	15	410004	Barbed Arrow	https://taskbarhero.org/assets/tbhdb/game/gear/arrow/ARROW_410004.png	9662bb67bdb06cc786c2d1760193e227c8f11bec756a2fa2fa4697a457023f40	306
source_gear_410005	arrow	Arrow	20	410005	Azure Arrow	https://taskbarhero.org/assets/tbhdb/game/gear/arrow/ARROW_410005.png	9aa22aa84b15f802815edc46c61c675cb38f7ae1ce2286d9d771101b3a9a541c	272
source_gear_410006	arrow	Arrow	25	410006	Brutal Arrow	https://taskbarhero.org/assets/tbhdb/game/gear/arrow/ARROW_410006.png	798048507e491f3e6339a7123c04c9737a4a3306b04af30661ee35849b50e9db	260
source_gear_410007	arrow	Arrow	30	410007	Gale Arrow	https://taskbarhero.org/assets/tbhdb/game/gear/arrow/ARROW_410007.png	8e89ef082d5215ea207970ca209538616fe6959fc4d5a5fff0f41a99033620cf	270
source_gear_410008	arrow	Arrow	35	410008	Serpent Arrow	https://taskbarhero.org/assets/tbhdb/game/gear/arrow/ARROW_410008.png	b2e00037f5b2e5411b35136e02a6f25a4fc0efe9b479ff18433040f66bfc9213	335
source_gear_410009	arrow	Arrow	40	410009	Rune Arrow	https://taskbarhero.org/assets/tbhdb/game/gear/arrow/ARROW_410009.png	f7b6e18b5772f37cf1cf9bdb756bcaedb2044c79384e95cd3d152d24645919e1	266
source_gear_410010	arrow	Arrow	45	410010	Tribal Arrow	https://taskbarhero.org/assets/tbhdb/game/gear/arrow/ARROW_410010.png	ac2cf0308f68551b02aab40420c815bc4be7d3e08520400959f2c893a408b095	314
source_gear_410011	arrow	Arrow	50	410011	Fate Arrow	https://taskbarhero.org/assets/tbhdb/game/gear/arrow/ARROW_410011.png	1becf71287870a1480b9b89a430c29183cbd613e3a018b375a6798bdcc8a8c9f	321
source_gear_410012	arrow	Arrow	55	410012	Storm Arrow	https://taskbarhero.org/assets/tbhdb/game/gear/arrow/ARROW_410012.png	385892fc9c83056c6311e079305375229d574157210c210c618db0063249ddae	296
source_gear_410013	arrow	Arrow	60	410013	Obsidian Arrow	https://taskbarhero.org/assets/tbhdb/game/gear/arrow/ARROW_410013.png	79423a85a29e401ebf6c691de94539ab69f3e17d03b0d568b8f322ab3078a155	331
source_gear_410014	arrow	Arrow	65	410014	Haste Arrow	https://taskbarhero.org/assets/tbhdb/game/gear/arrow/ARROW_410014.png	f86a66957fa1d10891db5c3fd8eccaf936965f067358c2a1acb28ff3efd76e94	298
source_gear_410015	arrow	Arrow	70	410015	Void Arrow	https://taskbarhero.org/assets/tbhdb/game/gear/arrow/ARROW_410015.png	dfab2120aae772d716dac12e47849e5971633ff664cc8051e899b63192ff6c12	283
source_gear_410016	arrow	Arrow	75	410016	Poison Arrow	https://taskbarhero.org/assets/tbhdb/game/gear/arrow/ARROW_410016.png	060c487e4d430223d9135d98eda017b500ac705876ca18bb2a081514149bf055	341
source_gear_410017	arrow	Arrow	80	410017	Dimensional Arrow	https://taskbarhero.org/assets/tbhdb/game/gear/arrow/ARROW_410017.png	72991d17258c3f512d35039308d13933a55b57fa9ba0494cb15c853e46e43a21	296
source_gear_410018	arrow	Arrow	85	410018	Shadow Arrow	https://taskbarhero.org/assets/tbhdb/game/gear/arrow/ARROW_410018.png	de10d03e356a5cffbb5e1c4cae5c7f008051ab597f4befdf29404616d03ecac6	216
source_gear_410019	arrow	Arrow	90	410019	Ancient Arrow	https://taskbarhero.org/assets/tbhdb/game/gear/arrow/ARROW_410019.png	1c13ba8f90e247382602f35a87562c8c1909a5c364bd9703ad3c7d0b7acb1777	260
source_gear_410020	arrow	Arrow	100	410020	Exalted Arrow	https://taskbarhero.org/assets/tbhdb/game/gear/arrow/ARROW_410020.png	0e9de08296ecaf1a2dead0dcca9795306dbe5840f2b74238d07b4c0dbf29d2c5	322
source_gear_350001	axe	Axe	1	350001	Wooden Axe	https://taskbarhero.org/assets/tbhdb/game/gear/axe/AXE_350001.png	c9c73d20d93b27e3dc9047022ea8698c4f1b7fd0b558d335f55500aab3cc4812	333
source_gear_350002	axe	Axe	5	350002	Iron Axe	https://taskbarhero.org/assets/tbhdb/game/gear/axe/AXE_350002.png	702797e01522442764426c5cf910fe3539348dee2252e087875806fa85c76bfb	330
source_gear_350003	axe	Axe	10	350003	Battle Axe	https://taskbarhero.org/assets/tbhdb/game/gear/axe/AXE_350003.png	d9bdf67ba001312f16485c1e5b9c507fc2f2786b17539666e997488fe0d06d29	351
source_gear_350004	axe	Axe	15	350004	Steel Axe	https://taskbarhero.org/assets/tbhdb/game/gear/axe/AXE_350004.png	58f01c5e5be0512e2824e2b2836b8f71d4be1614876417a80cbe3e79899408f4	410
source_gear_350005	axe	Axe	20	350005	War Axe	https://taskbarhero.org/assets/tbhdb/game/gear/axe/AXE_350005.png	47537c8c0af96e47f985085dfa13c5833b2e72f24ab592a573ef4497fbe0834f	365
source_gear_350006	axe	Axe	25	350006	Knight's Axe	https://taskbarhero.org/assets/tbhdb/game/gear/axe/AXE_350006.png	8d04231f8348b302789ff6ea604041e618a6d078f368d32e3a95ce4f9f92e043	311
source_gear_350007	axe	Axe	30	350007	Great Axe	https://taskbarhero.org/assets/tbhdb/game/gear/axe/AXE_350007.png	d918bef917e8f4a8d6de9e7ba5ad360358d6c49eea7b9468265e4cec678c124c	363
source_gear_350008	axe	Axe	35	350008	Heavy Axe	https://taskbarhero.org/assets/tbhdb/game/gear/axe/AXE_350008.png	7e77d39f7d6c3da789ffe1836dbc6af47b7aef9ffe2294c57a6cef13efa6ab8f	339
source_gear_350009	axe	Axe	40	350009	Rune Axe	https://taskbarhero.org/assets/tbhdb/game/gear/axe/AXE_350009.png	164ea9ccaec2b6a931b226498c7d52fb718d8217cff246b40dbf9cd4af5fd23e	324
source_gear_350010	axe	Axe	45	350010	Legend Axe	https://taskbarhero.org/assets/tbhdb/game/gear/axe/AXE_350010.png	92f82129b445ebe095f6bed46a80ea5d6e16820d2a85ecbec8d306ded04c2983	365
source_gear_350011	axe	Axe	50	350011	Fate Axe	https://taskbarhero.org/assets/tbhdb/game/gear/axe/AXE_350011.png	f9d8de637af911547715140082a10fbb10defefb704e90efc485773e8a7feffb	367
source_gear_350012	axe	Axe	55	350012	Hero Axe	https://taskbarhero.org/assets/tbhdb/game/gear/axe/AXE_350012.png	f31f2afbf1769dc1bd90b87c52fcf4a6e96359dd69257ea040fbcd4ecd4a1fd5	405
source_gear_350013	axe	Axe	60	350013	Storm Axe	https://taskbarhero.org/assets/tbhdb/game/gear/axe/AXE_350013.png	f5817114219d1411809b13af8d4fe4fe87d3d36027e964f69bdb98f580c137d1	296
source_gear_350014	axe	Axe	65	350014	Limitless Axe	https://taskbarhero.org/assets/tbhdb/game/gear/axe/AXE_350014.png	f66fb340aec5b4ba9a47eebbbef242054116c40466e10bcf81691ba6b8654167	387
source_gear_350015	axe	Axe	70	350015	Chaos Axe	https://taskbarhero.org/assets/tbhdb/game/gear/axe/AXE_350015.png	7496f55751599796df082f39992f7e21ffdd3240a625be10a3fe3b555a98606e	393
source_gear_350016	axe	Axe	75	350016	Power Axe	https://taskbarhero.org/assets/tbhdb/game/gear/axe/AXE_350016.png	14d34376cb9c8a72a5b17639a6eaa8f3616661041c100d92331e2c8f8cab17a9	381
source_gear_350017	axe	Axe	80	350017	Dimensional Axe	https://taskbarhero.org/assets/tbhdb/game/gear/axe/AXE_350017.png	2a67210b9b903735490b82a366645222509d37c33cb56d4e69f31e0b857ff234	353
source_gear_350018	axe	Axe	85	350018	Shadow Axe	https://taskbarhero.org/assets/tbhdb/game/gear/axe/AXE_350018.png	019c353fe1650ff6aeb7251a4b499d70919e127af376d5e0e0574ca7ea100871	275
source_gear_350019	axe	Axe	90	350019	Eternal Axe	https://taskbarhero.org/assets/tbhdb/game/gear/axe/AXE_350019.png	13e091621447dc1cdc874c7f12acc735d3694fe35c53a6aaa9f8d561babfe6f1	419
source_gear_350020	axe	Axe	100	350020	Radiant Axe	https://taskbarhero.org/assets/tbhdb/game/gear/axe/AXE_350020.png	07e7e350c78ac58bc8d3c672d64b3202367efc662f99fb6dcf26ed4851114c62	362
source_gear_440001	bolt	Bolt	1	440001	Short Bolt	https://taskbarhero.org/assets/tbhdb/game/gear/bolt/BOLT_440001.png	8208c500c99ac5ab3e4e8e7a4204625c08135e2bcfc9fe766b9492f97b0c4ffd	425
source_gear_440002	bolt	Bolt	5	440002	Fear Bolt	https://taskbarhero.org/assets/tbhdb/game/gear/bolt/BOLT_440002.png	d35216533e57aa8d0e8a38cb30f0335737438a850ae1727a04daf6e323afc856	322
source_gear_440003	bolt	Bolt	10	440003	Hunter's Bolt	https://taskbarhero.org/assets/tbhdb/game/gear/bolt/BOLT_440003.png	0466ff0f8202ad13d04c53784a44a2930ae0ea96e972690cfbc31068d6a6b92f	377
source_gear_440004	bolt	Bolt	15	440004	Barbed Bolt	https://taskbarhero.org/assets/tbhdb/game/gear/bolt/BOLT_440004.png	89223f2fa333434ec18d58c74e3235011dfa9c0cc7e458b5661aa69b1b0d3c5a	387
source_gear_440005	bolt	Bolt	20	440005	Beast Bolt	https://taskbarhero.org/assets/tbhdb/game/gear/bolt/BOLT_440005.png	07ed3762a0ebec750aad607c78def6fe613315fbafb8f3f7d497c051105646c6	373
source_gear_440006	bolt	Bolt	25	440006	Swift Bolt	https://taskbarhero.org/assets/tbhdb/game/gear/bolt/BOLT_440006.png	5d019a0be05eb0ddc17a5be5b94eca5fb9f3b7fb483425e79011cb501b2a72b3	456
source_gear_440007	bolt	Bolt	30	440007	Iron Bolt	https://taskbarhero.org/assets/tbhdb/game/gear/bolt/BOLT_440007.png	652a84fcc88b9b6693ed794aa287d1bceada1becc689d93ae83f0df6bd0a2eb2	441
source_gear_440008	bolt	Bolt	35	440008	Heavy Bolt	https://taskbarhero.org/assets/tbhdb/game/gear/bolt/BOLT_440008.png	4430459b64ebe828ecdec7c87f35bde3f736f9bb813d032a1b691ebb1f4f3ab7	438
source_gear_440009	bolt	Bolt	40	440009	Rune Bolt	https://taskbarhero.org/assets/tbhdb/game/gear/bolt/BOLT_440009.png	bc498fafcd907fdea010c5a48cba1b105e0c4b89680bc218fc886572047f7081	345
source_gear_440010	bolt	Bolt	45	440010	Hero Bolt	https://taskbarhero.org/assets/tbhdb/game/gear/bolt/BOLT_440010.png	36cc20e04608e38a70db7b0d84fc682893051182a045d5b1414f3b0786d3cbe9	439
source_gear_440011	bolt	Bolt	50	440011	Fate Bolt	https://taskbarhero.org/assets/tbhdb/game/gear/bolt/BOLT_440011.png	15eb936e5c8207b0cacdebcfa2e590d5c6d10183d31277eab5b95ade2113e1a3	417
source_gear_440012	bolt	Bolt	55	440012	Storm Bolt	https://taskbarhero.org/assets/tbhdb/game/gear/bolt/BOLT_440012.png	f1ea3e76ba12c89613b10560621f3711a6ac89b9285d6e2e2bb148eaf1543146	452
source_gear_440013	bolt	Bolt	60	440013	Thunder Bolt	https://taskbarhero.org/assets/tbhdb/game/gear/bolt/BOLT_440013.png	b56c3b9c69ae9e788fc0796659d1f65dfd588710a0ec92734f2bf4e62a546c7b	441
source_gear_440014	bolt	Bolt	65	440014	Haste Bolt	https://taskbarhero.org/assets/tbhdb/game/gear/bolt/BOLT_440014.png	486d1d72c6d9e96280d77f9cb9c6b786b8b54f23b00347c5ee7b1e6c80b0260d	336
source_gear_440015	bolt	Bolt	70	440015	Void Bolt	https://taskbarhero.org/assets/tbhdb/game/gear/bolt/BOLT_440015.png	6faced37653fc85bcdc1353ba92de74f2d839259941fb7cd93eaca715a72ae9a	329
source_gear_440016	bolt	Bolt	75	440016	Poison Bolt	https://taskbarhero.org/assets/tbhdb/game/gear/bolt/BOLT_440016.png	da861fab0eed687513dc6e671f86d5c568b30a293d723cacc26cc99b6f13f93e	329
source_gear_440017	bolt	Bolt	80	440017	Dimensional Bolt	https://taskbarhero.org/assets/tbhdb/game/gear/bolt/BOLT_440017.png	9023bfb3984c3c216f79a5e12f67bd8835b1e9959f58c59c8eb995e130590ec4	474
source_gear_440018	bolt	Bolt	85	440018	Shadow Bolt	https://taskbarhero.org/assets/tbhdb/game/gear/bolt/BOLT_440018.png	67c685e90132f3bd6c7d964dbcc2a9a0169386883955697729d84760aecff9e8	280
source_gear_440019	bolt	Bolt	90	440019	Ancient Bolt	https://taskbarhero.org/assets/tbhdb/game/gear/bolt/BOLT_440019.png	eaafc7996412a2a3e4497d8bc7d8ea9e3f6052e206cfb5dd4de0fd7efebde81f	343
source_gear_440020	bolt	Bolt	100	440020	Sanctified Bolt	https://taskbarhero.org/assets/tbhdb/game/gear/bolt/BOLT_440020.png	54b5fe21aa8f117d5e0d185fd333d7bd0b99783efd590685ae5de5607ccd6f6a	414
source_gear_530001	boots	Boots	1	530001	Wooden Boots	https://taskbarhero.org/assets/tbhdb/game/gear/boots/BOOTS_530001.png	e076820b41801df8d5288de35ee1169ca28bb3372bb6e89fcf6259e633688e93	522
source_gear_530002	boots	Boots	5	530002	Empire Boots	https://taskbarhero.org/assets/tbhdb/game/gear/boots/BOOTS_530002.png	1114da41e926bc4c3d9ebfa7d355932b13d3d6bcfec6a3156048e3185ac3eb22	461
source_gear_530003	boots	Boots	10	530003	Iron Boots	https://taskbarhero.org/assets/tbhdb/game/gear/boots/BOOTS_530003.png	8db623b23dd1e7e87882fa957eabcb2aabb4e1eddb3ce1c72ae3eddcd53ee2b4	438
source_gear_530004	boots	Boots	15	530004	Knight Boots	https://taskbarhero.org/assets/tbhdb/game/gear/boots/BOOTS_530004.png	dd338a47ab891ae8852ad0931189318e897d770a23ee7f7ed152bb60daace9d4	434
source_gear_530005	boots	Boots	20	530005	Chain Boots	https://taskbarhero.org/assets/tbhdb/game/gear/boots/BOOTS_530005.png	51f3f14c076914feaf2e1d6bf7275f5cf7e017bbdde6855a793b21044410eccf	450
source_gear_530006	boots	Boots	25	530006	Fate Boots	https://taskbarhero.org/assets/tbhdb/game/gear/boots/BOOTS_530006.png	44dcf8c9a97f209e56d632cca264efcc0b84c2f3b4b69df6f4dc42ce8fb7d72f	464
source_gear_530007	boots	Boots	30	530007	War Boots	https://taskbarhero.org/assets/tbhdb/game/gear/boots/BOOTS_530007.png	58b7ec66223b67284e21fcde84e4c39bb294b9dcd72c7b54149ba336bf4b95fa	418
source_gear_530008	boots	Boots	35	530008	Heavy Boots	https://taskbarhero.org/assets/tbhdb/game/gear/boots/BOOTS_530008.png	013d6de0d7ee0bd5e149f9c52db913a038234de7e97c5d7276b78e7816b3e764	490
source_gear_530009	boots	Boots	40	530009	Rune Boots	https://taskbarhero.org/assets/tbhdb/game/gear/boots/BOOTS_530009.png	c65fc43faa469933ea903b67222e4cec30d2c20222b65a76b049189e3131b66d	439
source_gear_530010	boots	Boots	45	530010	Plate Boots	https://taskbarhero.org/assets/tbhdb/game/gear/boots/BOOTS_530010.png	b556bda07446a3879478cbe8c6e77d9e1a4aa897bf58c61714a9c972a640b547	528
source_gear_530011	boots	Boots	50	530011	Mystic Boots	https://taskbarhero.org/assets/tbhdb/game/gear/boots/BOOTS_530011.png	58d6df1360f3f353bd790f4fd217628ad9e84f18bf1ccab93f08358993112e5d	518
source_gear_530012	boots	Boots	55	530012	Great Boots	https://taskbarhero.org/assets/tbhdb/game/gear/boots/BOOTS_530012.png	da7a516f22a5a8ff54682285689ebf9e8aab588520b5d070d6b511b3d3e86499	491
source_gear_530013	boots	Boots	60	530013	Ancient Boots	https://taskbarhero.org/assets/tbhdb/game/gear/boots/BOOTS_530013.png	dfc6911db874f1886c66ad4d5e1ec7f16b1a16a92494079f3a14992cc73ccabc	436
source_gear_530014	boots	Boots	65	530014	Shine Boots	https://taskbarhero.org/assets/tbhdb/game/gear/boots/BOOTS_530014.png	2d13d8cab57d273c657e61f4d5a0586807c70a185f647d3a68a9b84ea637b7b7	525
source_gear_530015	boots	Boots	70	530015	Void Boots	https://taskbarhero.org/assets/tbhdb/game/gear/boots/BOOTS_530015.png	71effc20f2d42165099b91ec9e15a17794ec72086da469b7ff58b2c06d8b143e	469
source_gear_530016	boots	Boots	75	530016	Crystal Boots	https://taskbarhero.org/assets/tbhdb/game/gear/boots/BOOTS_530016.png	24ae27ac5a4054d1c0bfa57c820aa418de7d62850c549c3cae963c9c929b319a	523
source_gear_530017	boots	Boots	80	530017	Dimensional Boots	https://taskbarhero.org/assets/tbhdb/game/gear/boots/BOOTS_530017.png	3a843a3d1e7c96bcc2334e6ebf0b8b00a59b09b4f77aae26bbf4f03576d5b135	495
source_gear_530018	boots	Boots	85	530018	Shadow Boots	https://taskbarhero.org/assets/tbhdb/game/gear/boots/BOOTS_530018.png	610d0957df20a3e7307200e6a96f616e16ab86a83789ec06206473837e3fdfb3	325
source_gear_530019	boots	Boots	90	530019	Eternal Boots	https://taskbarhero.org/assets/tbhdb/game/gear/boots/BOOTS_530019.png	b490533cf74ad56d4aeae530a7f71adf50d0b678a51720a6616badf259463ad3	442
source_gear_530020	boots	Boots	100	530020	Radiant Boots	https://taskbarhero.org/assets/tbhdb/game/gear/boots/BOOTS_530020.png	8a024bda0adde91dd165e9ec55613c3c95aa1afb23f8b15dd259d0649c2a244b	434
source_gear_310001	bow	Bow	1	310001	Short Bow	https://taskbarhero.org/assets/tbhdb/game/gear/bow/BOW_310001.png	529ee505887f5bac462c79cef6a92476689b49c3e1d6e850bad35c41c3873d25	235
source_gear_310002	bow	Bow	5	310002	Hunting Bow	https://taskbarhero.org/assets/tbhdb/game/gear/bow/BOW_310002.png	b9a1e98f2969c93ea8942123c9bd5eeaafc2acf14a44de0aaaafa6713adca320	257
source_gear_310003	bow	Bow	10	310003	Long Bow	https://taskbarhero.org/assets/tbhdb/game/gear/bow/BOW_310003.png	acfaa3e91e5122e3ea757ff6a90bb5b110945bae3d8c84847080a4c8ea062412	232
source_gear_310004	bow	Bow	15	310004	Composite Bow	https://taskbarhero.org/assets/tbhdb/game/gear/bow/BOW_310004.png	b585469dff4c3de493fdaca1fd3b183339f04a89992152d013b74595510f1302	250
source_gear_310005	bow	Bow	20	310005	War Bow	https://taskbarhero.org/assets/tbhdb/game/gear/bow/BOW_310005.png	7f25d930c2805202ef5850057ade373ae33e6df6df538c6b02753e95b6415233	260
source_gear_310006	bow	Bow	25	310006	Scarlet Bow	https://taskbarhero.org/assets/tbhdb/game/gear/bow/BOW_310006.png	77194b8c91e5a0f878bae8b40c3ee0018f68bb20033c774629712c8bf2f0d5b6	242
source_gear_310007	bow	Bow	30	310007	Dusk Bow	https://taskbarhero.org/assets/tbhdb/game/gear/bow/BOW_310007.png	5643da59a42d371af903f9f5c9b085bff36add6ea715fd384ba964bd10caa6fa	250
source_gear_310008	bow	Bow	35	310008	Jade Bow	https://taskbarhero.org/assets/tbhdb/game/gear/bow/BOW_310008.png	5557949b7ca4d817b6702913a03d8df9e5daa224f52e4bf06efb389aa6c600b7	270
source_gear_310009	bow	Bow	40	310009	Elite Bow	https://taskbarhero.org/assets/tbhdb/game/gear/bow/BOW_310009.png	fa1ab57e5a6cfb07e7e139e3742eb6331c21b7834c78c3571be99e7e57e7c9aa	270
source_gear_310010	bow	Bow	45	310010	Rune Bow	https://taskbarhero.org/assets/tbhdb/game/gear/bow/BOW_310010.png	d0c9fe56e021f83db6193ac275277169f53038f63be543e74ec432ca6ffa4f71	252
source_gear_310011	bow	Bow	50	310011	Mystic Bow	https://taskbarhero.org/assets/tbhdb/game/gear/bow/BOW_310011.png	240f294a4f20a71a8e8ea09cdbae1d4238ea93230764b30ec5dc739f4ff2086d	353
source_gear_310012	bow	Bow	55	310012	Swift Bow	https://taskbarhero.org/assets/tbhdb/game/gear/bow/BOW_310012.png	cb3c132fc3756f8f485cdec13edf6085c72030c3d11421544293a29c3c1e7091	331
source_gear_310013	bow	Bow	60	310013	Ancient Bow	https://taskbarhero.org/assets/tbhdb/game/gear/bow/BOW_310013.png	cc8e088cd0b65416fc0764f2db35f5cea038b555848393f86641f4bafde6fac8	336
source_gear_310014	bow	Bow	65	310014	Limitless Bow	https://taskbarhero.org/assets/tbhdb/game/gear/bow/BOW_310014.png	46b744406ff19b3f9d75aceb2704ee6b7ac3dc44440495bc010af63fa616be50	353
source_gear_310015	bow	Bow	70	310015	Chaos Bow	https://taskbarhero.org/assets/tbhdb/game/gear/bow/BOW_310015.png	e34010889da18d40b19f4132e82e21bbb9bb6eafabca0ee0a62e278f45560c95	432
source_gear_310016	bow	Bow	75	310016	Storm Bow	https://taskbarhero.org/assets/tbhdb/game/gear/bow/BOW_310016.png	2ddfbad0acff2ba7acf6cf6b1326646cf804a9b3582305258526c593a71aca7d	324
source_gear_310017	bow	Bow	80	310017	Shadow Bow	https://taskbarhero.org/assets/tbhdb/game/gear/bow/BOW_310017.png	97743aafcc0a2e0dfea95b80c5f2d7abf331adf8b37740c6aa775f44e707d9b9	236
source_gear_310018	bow	Bow	85	310018	Tempest Bow	https://taskbarhero.org/assets/tbhdb/game/gear/bow/BOW_310018.png	805b782a60109a4a19e522117d2183ae14cc3da9d584a9add7793f98d3913af1	372
source_gear_310019	bow	Bow	90	310019	Eternal Bow	https://taskbarhero.org/assets/tbhdb/game/gear/bow/BOW_310019.png	3ec01be489f4fd32c353f03032bab4d861629946762e92ae6fa1c1a2dd15fc89	392
source_gear_310020	bow	Bow	100	310020	Radiant Bow	https://taskbarhero.org/assets/tbhdb/game/gear/bow/BOW_310020.png	45ddb30bdb1b6e0d5fbecafd8fb02629640cdec29292efcbb0eecdde185d2759	296
source_gear_631011	bracer	Bracer	1	631011	Copper Bracer	https://taskbarhero.org/assets/tbhdb/game/gear/bracer/BRACER_630001.png	1ccbe94c1837a735a6e9b3e37a556303ae108be60c69d837692a059125248d03	313
source_gear_631021	bracer	Bracer	5	631021	Bronze Bracer	https://taskbarhero.org/assets/tbhdb/game/gear/bracer/BRACER_630002.png	a88dfaf6ad740b517cea7b5601fe9d5208ee9fe56ac0fc7f4bf507d3f10ebbbe	314
source_gear_631031	bracer	Bracer	10	631031	Silver Bracer	https://taskbarhero.org/assets/tbhdb/game/gear/bracer/BRACER_630003.png	74ac8e460112834a20dcf35847233717e5663f8155cc49f147f873714e901d36	285
source_gear_631041	bracer	Bracer	15	631041	Gold Bracer	https://taskbarhero.org/assets/tbhdb/game/gear/bracer/BRACER_630004.png	aacc786aad57107266be60b8f7aeb62dcbb2612da48f7ccb61a500225bd498a8	313
source_gear_631051	bracer	Bracer	20	631051	Platinum Bracer	https://taskbarhero.org/assets/tbhdb/game/gear/bracer/BRACER_630005.png	1468b6f354ec6bc105a57e0fa5007045f0d1ced3cda1189c7ff97c8ce1c0ad69	340
source_gear_631061	bracer	Bracer	25	631061	Crystal Bracer	https://taskbarhero.org/assets/tbhdb/game/gear/bracer/BRACER_630006.png	d2d4ca3c18dda7a2b57c85a97197b37114627c17d8b07ab0fbd63a7d8b06d192	323
source_gear_631071	bracer	Bracer	30	631071	Obsidian Bracer	https://taskbarhero.org/assets/tbhdb/game/gear/bracer/BRACER_630007.png	7bcddb9a653e96ebca598a2d4acb1f1a001d1f9de21a5ff9b092f7e7850bbc86	311
source_gear_631081	bracer	Bracer	35	631081	Shadow Bracer	https://taskbarhero.org/assets/tbhdb/game/gear/bracer/BRACER_630008.png	bf5aff7a90cc943d6e6c268bdcdd884b3e2417e211b37e9740b95e6918629da6	318
source_gear_631091	bracer	Bracer	40	631091	Crimson Bracer	https://taskbarhero.org/assets/tbhdb/game/gear/bracer/BRACER_630009.png	2f01af36cc252adf34305b747ea21fc5d4fc10d49f8c408065c693f2d485ad8d	341
source_gear_631101	bracer	Bracer	45	631101	Bloodstone Bracer	https://taskbarhero.org/assets/tbhdb/game/gear/bracer/BRACER_630010.png	0c8af4c29c57e30d42c609cb7d4d422960b40141dca37759279ff6559817dc50	377
source_gear_631111	bracer	Bracer	50	631111	Emerald Bracer	https://taskbarhero.org/assets/tbhdb/game/gear/bracer/BRACER_630011.png	2d341b5295d13655ea651f42e6df26ff8f049a295c9b0feb4ab5d69b798d8100	364
source_gear_631121	bracer	Bracer	55	631121	Diamond Bracer	https://taskbarhero.org/assets/tbhdb/game/gear/bracer/BRACER_630012.png	12208b1ca1086465ca7b6f9fc315964cce8d8fef48aa0be8cbeacd9433643137	380
source_gear_631131	bracer	Bracer	60	631131	Stardust Bracer	https://taskbarhero.org/assets/tbhdb/game/gear/bracer/BRACER_630013.png	ba6ad40af259a05c73a5d50b916c7129a9c8fbfb1ad619a458df751426c0f89e	354
source_gear_631141	bracer	Bracer	65	631141	Eclipse Bracer	https://taskbarhero.org/assets/tbhdb/game/gear/bracer/BRACER_630014.png	bb115e9e88b26523e2c502dc129b0212163374170f34472c5293d51d0c2a3d2c	352
source_gear_631151	bracer	Bracer	70	631151	Celestial Bracer	https://taskbarhero.org/assets/tbhdb/game/gear/bracer/BRACER_630015.png	2651beede786da5a5680d03ba7d504b361a5d63a72cbe6efdfe66761cb4ade8a	366
source_gear_631161	bracer	Bracer	75	631161	Astral Bracer	https://taskbarhero.org/assets/tbhdb/game/gear/bracer/BRACER_630016.png	11fc3f1738e8abf0e8cace276d20fe14d0e91af71c2ca57511933096ec0cdca3	383
source_gear_631171	bracer	Bracer	80	631171	Ethereal Bracer	https://taskbarhero.org/assets/tbhdb/game/gear/bracer/BRACER_630017.png	890940a160f2fca4a515f983bf2e981a56ed0a1d26cea191faaa7f941d1386c5	377
source_gear_631181	bracer	Bracer	85	631181	Void Bracer	https://taskbarhero.org/assets/tbhdb/game/gear/bracer/BRACER_630018.png	04365d9028b3ba167e0ce29d0a10574a1f2ff55960941b7d3b5d5ec4d347d374	366
source_gear_631191	bracer	Bracer	90	631191	Abyss Bracer	https://taskbarhero.org/assets/tbhdb/game/gear/bracer/BRACER_630019.png	55890ae29ea3f6d1c9ef900cf09b068ddf4435d3347eb46e17e231715e7f9b59	374
source_gear_340001	crossbow	Crossbow	1	340001	Short Crossbow	https://taskbarhero.org/assets/tbhdb/game/gear/crossbow/CROSSBOW_340001.png	144b96be849d11d7467efbef1fb71d6ca3cd8e2863b9ddacf143e2b03825400f	328
source_gear_340002	crossbow	Crossbow	5	340002	Leather Crossbow	https://taskbarhero.org/assets/tbhdb/game/gear/crossbow/CROSSBOW_340002.png	d133fed8566eb0811537b128d075c5af9ba36ad25ef5a05564ec838ac2231d16	369
source_gear_340003	crossbow	Crossbow	10	340003	Long Crossbow	https://taskbarhero.org/assets/tbhdb/game/gear/crossbow/CROSSBOW_340003.png	cbc50029acee2576edbac4d1a1f7337514dd031b5c867d7496c6ca5ed7e76d86	391
source_gear_340004	crossbow	Crossbow	15	340004	Complete Crossbow	https://taskbarhero.org/assets/tbhdb/game/gear/crossbow/CROSSBOW_340004.png	93acfbc1922b081fb159ce69c9db6627c2f238e69a7a6cd017f556bf59a25e88	327
source_gear_340005	crossbow	Crossbow	20	340005	Exceptional Crossbow	https://taskbarhero.org/assets/tbhdb/game/gear/crossbow/CROSSBOW_340005.png	5d5203d121a2c97558adffe8bc8990e9ba15cf98f83875812880b6ad37ff5a31	276
source_gear_340006	crossbow	Crossbow	25	340006	Reinforced Crossbow	https://taskbarhero.org/assets/tbhdb/game/gear/crossbow/CROSSBOW_340006.png	b4ba670fcc1585368f03928c2080c4ffc96e3bbd7d268ba2434714c8d7c9b9f0	276
source_gear_340007	crossbow	Crossbow	30	340007	Iron Crossbow	https://taskbarhero.org/assets/tbhdb/game/gear/crossbow/CROSSBOW_340007.png	ea347187f8875dceb443de81ab5caec9e48810b4cbfe9d317b7284d35f6effb7	288
source_gear_340008	crossbow	Crossbow	35	340008	Wing Crossbow	https://taskbarhero.org/assets/tbhdb/game/gear/crossbow/CROSSBOW_340008.png	8e33669713684b69104237fbb4150061822488c0f7615b3d3f8d3046252f375b	368
source_gear_340009	crossbow	Crossbow	40	340009	Elite Crossbow	https://taskbarhero.org/assets/tbhdb/game/gear/crossbow/CROSSBOW_340009.png	f960dfac13791235fe938136045746ad0aae5560601c82e785ecc01eb8c5c196	330
source_gear_340010	crossbow	Crossbow	45	340010	Large Crossbow	https://taskbarhero.org/assets/tbhdb/game/gear/crossbow/CROSSBOW_340010.png	b5e928a7daffaef65c1ce97bb601fbc4f739487410bf68b6bebb3edff6ea9114	348
source_gear_340011	crossbow	Crossbow	50	340011	Mystic Crossbow	https://taskbarhero.org/assets/tbhdb/game/gear/crossbow/CROSSBOW_340011.png	6d6fc8b05bb1609b10c0ee7fdb3125be4ee984d4e32e75a731b7482f677582a3	399
source_gear_340012	crossbow	Crossbow	55	340012	Fast Crossbow	https://taskbarhero.org/assets/tbhdb/game/gear/crossbow/CROSSBOW_340012.png	dc55de7606a6b015a84b9e38542ad6d8b877e7de8b6d59e8958afe000e97f15f	354
source_gear_340013	crossbow	Crossbow	60	340013	Ancient Crossbow	https://taskbarhero.org/assets/tbhdb/game/gear/crossbow/CROSSBOW_340013.png	8bc5fa055ec0ee51fff1937cdfa9147d17e2316993be6ae00ca297942366f2e2	406
source_gear_340014	crossbow	Crossbow	65	340014	Limitless Crossbow	https://taskbarhero.org/assets/tbhdb/game/gear/crossbow/CROSSBOW_340014.png	59141b890c2c23ac0a68f8ec3ad1636103977ef7303d6b7a1a62ec5fc05c94a3	410
source_gear_340015	crossbow	Crossbow	70	340015	Chaos Crossbow	https://taskbarhero.org/assets/tbhdb/game/gear/crossbow/CROSSBOW_340015.png	1c0822e3e747fb12cff7cd07de3435f1d836844005d2286a8d7959872480b42f	393
source_gear_340016	crossbow	Crossbow	75	340016	Power Crossbow	https://taskbarhero.org/assets/tbhdb/game/gear/crossbow/CROSSBOW_340016.png	4b1aca30b763060ed4245b73bb586e83e2dad5503c9a21e40569f9fe3e639be7	354
source_gear_340017	crossbow	Crossbow	80	340017	Dimensional Crossbow	https://taskbarhero.org/assets/tbhdb/game/gear/crossbow/CROSSBOW_340017.png	f4250ae38d9227018af2d31d05f68d35af566ba8dda8055ec534cc2d549779ea	335
source_gear_340018	crossbow	Crossbow	85	340018	Shadow Crossbow	https://taskbarhero.org/assets/tbhdb/game/gear/crossbow/CROSSBOW_340018.png	b248ba0da0c5ecb91f12aca4467415f412eefa0e6755e33cf7313caba306315b	305
source_gear_340019	crossbow	Crossbow	90	340019	Eternal Crossbow	https://taskbarhero.org/assets/tbhdb/game/gear/crossbow/CROSSBOW_340019.png	032c4268afc371eae6fdc635a9b9cb4d45a1bdc0aee24b4b1ed4bb1aed54fff6	414
source_gear_340020	crossbow	Crossbow	100	340020	Radiant Crossbow	https://taskbarhero.org/assets/tbhdb/game/gear/crossbow/CROSSBOW_340020.png	73eca16d4afb8f7a2e403e2e76b5b0d66023112adb892bf80c020dfe644f3adf	413
source_gear_611011	earing	Earing	1	611011	Copper Earring	https://taskbarhero.org/assets/tbhdb/game/gear/earing/EARING_610001.png	47d46e89fcb2058b1c1031e1d11f408fa887ed4e784950f9ee3f9d5dc70d95f4	277
source_gear_611021	earing	Earing	5	611021	Bronze Earring	https://taskbarhero.org/assets/tbhdb/game/gear/earing/EARING_610002.png	e472ff2d9fedc2cdf233175b2292fd9eabb4716e18d023435b209ef066fdb7e1	289
source_gear_611031	earing	Earing	10	611031	Silver Earring	https://taskbarhero.org/assets/tbhdb/game/gear/earing/EARING_610003.png	a1c744bb1a080b7426d90a90a37785121bf2d12d78e20159efed1ed0d25cb5b7	277
source_gear_611041	earing	Earing	15	611041	Gold Earring	https://taskbarhero.org/assets/tbhdb/game/gear/earing/EARING_610004.png	1131db2209000e79599792e9ab428910c68ba2b52eefd7a9b86b7eeb94fd72c4	257
source_gear_611051	earing	Earing	20	611051	Platinum Earring	https://taskbarhero.org/assets/tbhdb/game/gear/earing/EARING_610005.png	15697b4e4676684a1ed3c9b6cbc8135536be9b940ed8c7161dd33ac83b0b98c1	278
source_gear_611061	earing	Earing	25	611061	Crystal Earring	https://taskbarhero.org/assets/tbhdb/game/gear/earing/EARING_610006.png	060684703bba4c3b04ddd14164f52ef574f5495a364c86f86c69840742fa1d7d	312
source_gear_611071	earing	Earing	30	611071	Emerald Earring	https://taskbarhero.org/assets/tbhdb/game/gear/earing/EARING_610007.png	3bfd424794b20002e27d8f997967c8aed492ca8279f77e44d93beb99e389d361	303
source_gear_611081	earing	Earing	35	611081	Jade Earring	https://taskbarhero.org/assets/tbhdb/game/gear/earing/EARING_610008.png	526c0658bee0ae25dfeeba2d1a4e8782303eaa8c3c6445885eec3f4f28c80aff	312
source_gear_611091	earing	Earing	40	611091	Tiger Eye Earring	https://taskbarhero.org/assets/tbhdb/game/gear/earing/EARING_610009.png	23f2d80f2ca3e828e83bcbf26d6853a8010e73482cbd45fd20fcaf55d509d000	312
source_gear_611101	earing	Earing	45	611101	Garnet Earring	https://taskbarhero.org/assets/tbhdb/game/gear/earing/EARING_610010.png	0b164fe7f32b7637d860a29757193b30c27a0ec3d5b3f2bc1c4e5f088e6b00da	279
source_gear_611111	earing	Earing	50	611111	Sapphire Earring	https://taskbarhero.org/assets/tbhdb/game/gear/earing/EARING_610011.png	2de54aaa550d42847a0a2a94c5289a7757306dbcdb91bb1a629ae212d6a5010e	300
source_gear_611121	earing	Earing	55	611121	Diamond Earring	https://taskbarhero.org/assets/tbhdb/game/gear/earing/EARING_610012.png	5805d47dabb760ec0d154311ab5dfee60b698d2c91aec7494b6f96079520430f	304
source_gear_611131	earing	Earing	60	611131	Moonstone Earring	https://taskbarhero.org/assets/tbhdb/game/gear/earing/EARING_610013.png	979c6e51f9802f3b7a3921f46b058b6f58ccb3a8edf2a2f70d0c2036faba0897	295
source_gear_611141	earing	Earing	65	611141	Celestial Earring	https://taskbarhero.org/assets/tbhdb/game/gear/earing/EARING_610014.png	e8e340fe6642cb60de4a363b416a7ed06b7ed790b66da81620180e8c9dba59c1	315
source_gear_611151	earing	Earing	70	611151	Eclipse Earring	https://taskbarhero.org/assets/tbhdb/game/gear/earing/EARING_610015.png	31375a3f52bd3b8e882b617c4edda5ca3a62b5dbda09b769545e26a05d417cea	292
source_gear_611161	earing	Earing	75	611161	Astral Earring	https://taskbarhero.org/assets/tbhdb/game/gear/earing/EARING_610016.png	15fc6cc32ff97473bd5f3d7ecbcfaeb89dbd5c0ea5276061c667e373ed478e28	324
source_gear_611171	earing	Earing	80	611171	Ethereal Earring	https://taskbarhero.org/assets/tbhdb/game/gear/earing/EARING_610017.png	09e9887721a77c962944586a8849d6f1fc1425b7d093f0046acf84ddd2b86ab9	318
source_gear_611181	earing	Earing	85	611181	Void Earring	https://taskbarhero.org/assets/tbhdb/game/gear/earing/EARING_610018.png	c96d37b26be39be231c194115401a61a5b6e331536cad8aca9847434776480db	314
source_gear_611191	earing	Earing	90	611191	Abyss Earring	https://taskbarhero.org/assets/tbhdb/game/gear/earing/EARING_610019.png	b153031d9e2541dc9b8f9c7fc1fe07f0eca7e5f7b0b72a01242887096fad7d96	334
source_gear_520001	gloves	Gloves	1	520001	Leather Gloves	https://taskbarhero.org/assets/tbhdb/game/gear/gloves/GLOVES_520001.png	5d67b75ee2914f356da9efe378d3963672e0d1a8de61c81c0b7b52f68cde8637	416
source_gear_520002	gloves	Gloves	5	520002	Empire Gloves	https://taskbarhero.org/assets/tbhdb/game/gear/gloves/GLOVES_520002.png	d916c57c607287812232c52170f79e8a47fc88b10567a1c30237df1ad09672ac	452
source_gear_520003	gloves	Gloves	10	520003	Iron Gloves	https://taskbarhero.org/assets/tbhdb/game/gear/gloves/GLOVES_520003.png	60d2117184fb595c986cf8e140c436f805aae1330dfd15a1425f0073f998122a	411
source_gear_520004	gloves	Gloves	15	520004	Knight Gloves	https://taskbarhero.org/assets/tbhdb/game/gear/gloves/GLOVES_520004.png	8f5c89b123e2f0eb8b2932b034c5953198d8b11c531ceb82c4005a8aa7b7c987	417
source_gear_520005	gloves	Gloves	20	520005	Chain Gloves	https://taskbarhero.org/assets/tbhdb/game/gear/gloves/GLOVES_520005.png	c66f3ee36490e8b9c0adc61cf560d34f564ba5f1efc9d214b857e077bbe071a7	489
source_gear_520006	gloves	Gloves	25	520006	Fate Gloves	https://taskbarhero.org/assets/tbhdb/game/gear/gloves/GLOVES_520006.png	2e044fc43ca07470ee2df72f302ab469ec0cdd2ea818bda945b4491993fb6178	486
source_gear_520007	gloves	Gloves	30	520007	War Gloves	https://taskbarhero.org/assets/tbhdb/game/gear/gloves/GLOVES_520007.png	025e9d5ee4a8175baaca7590f4a4bf91252dc3b9e2224380a4c34dfc5be8da62	421
source_gear_520008	gloves	Gloves	35	520008	Heavy Gloves	https://taskbarhero.org/assets/tbhdb/game/gear/gloves/GLOVES_520008.png	6eaa13cd803ed82b58ab63f7eb01e10427b583efbd20f68e36294298aa9af877	450
source_gear_520009	gloves	Gloves	40	520009	Rune Gloves	https://taskbarhero.org/assets/tbhdb/game/gear/gloves/GLOVES_520009.png	e412e0ab77d5398e64c3a1b3f71008ac98ecbbf4c702f8711a68148bbda212ce	457
source_gear_520010	gloves	Gloves	45	520010	Plate Gloves	https://taskbarhero.org/assets/tbhdb/game/gear/gloves/GLOVES_520010.png	31a2ea7402abb53dfeb9d2097452dd1a72d08095cda6401bfca617b41b41c4e8	521
source_gear_520011	gloves	Gloves	50	520011	Mystic Gloves	https://taskbarhero.org/assets/tbhdb/game/gear/gloves/GLOVES_520011.png	85fef06100f3866bc4d0e097e367066769b60445052dd9ef1376f15dfaeea214	510
source_gear_520012	gloves	Gloves	55	520012	Great Gloves	https://taskbarhero.org/assets/tbhdb/game/gear/gloves/GLOVES_520012.png	b51fe898d77c214389c29d5eeb1498c62340cb8897c83e82b5ece3396f8bf0f1	472
source_gear_520013	gloves	Gloves	60	520013	Ancient Gloves	https://taskbarhero.org/assets/tbhdb/game/gear/gloves/GLOVES_520013.png	6221f3399a0433cd34a1f3a83952bf00fae9206844502ef4fdf616eec4d9f9b1	435
source_gear_520014	gloves	Gloves	65	520014	Shine Gloves	https://taskbarhero.org/assets/tbhdb/game/gear/gloves/GLOVES_520014.png	9dda97b44851d09832fd00fa684f969a4982be5ff0bfaee8b10844d421409d78	437
source_gear_520015	gloves	Gloves	70	520015	Void Gloves	https://taskbarhero.org/assets/tbhdb/game/gear/gloves/GLOVES_520015.png	0a65ca131e719b57cfc63b785e0ff5cc5f190b9a28e81ec149158adce1ecb783	459
source_gear_520016	gloves	Gloves	75	520016	Dragon Gloves	https://taskbarhero.org/assets/tbhdb/game/gear/gloves/GLOVES_520016.png	6520d7d2f127ced8127d29e0b92ebf540b303c1dbdc27ae3f763951862b54494	456
source_gear_520017	gloves	Gloves	80	520017	Dimensional Gloves	https://taskbarhero.org/assets/tbhdb/game/gear/gloves/GLOVES_520017.png	5e2b481107f43c5fc91b754980d7a85becfef5deb0913a9de211111bd1f02d7c	437
source_gear_520018	gloves	Gloves	85	520018	Shadow Gloves	https://taskbarhero.org/assets/tbhdb/game/gear/gloves/GLOVES_520018.png	7b6057466e57a24b935160accda1d873b1839e0b053d1e529d8e669360abce06	336
source_gear_520019	gloves	Gloves	90	520019	Eternal Gloves	https://taskbarhero.org/assets/tbhdb/game/gear/gloves/GLOVES_520019.png	c639aba79a4282bcdd6dc8a1a20f3062f6f954205b64c01a5627f85af8d45a27	393
source_gear_520020	gloves	Gloves	100	520020	Radiant Gloves	https://taskbarhero.org/assets/tbhdb/game/gear/gloves/GLOVES_520020.png	8e35e9cd378244bc56a1faf2447bea6d7c84658b15bab072e74c229fb11fcee6	326
source_gear_450001	hatchet	Hatchet	1	450001	Short Hatchet	https://taskbarhero.org/assets/tbhdb/game/gear/hatchet/HATCHET_450001.png	0d58b969bfa6a3e1c40072d0c7708706f4b1863afa233497772553e71249be43	248
source_gear_450002	hatchet	Hatchet	5	450002	Leather Hatchet	https://taskbarhero.org/assets/tbhdb/game/gear/hatchet/HATCHET_450002.png	5d5737e4661f419ec19ddab35ca38dcd818a7a27cc27715b7227c31d1418f4d7	241
source_gear_450003	hatchet	Hatchet	10	450003	Long Hatchet	https://taskbarhero.org/assets/tbhdb/game/gear/hatchet/HATCHET_450003.png	54b661eec030ab561927e20f5ab1b34add00899997dc4dad97a2d8156ef8c3ff	217
source_gear_450004	hatchet	Hatchet	15	450004	Steel Hatchet	https://taskbarhero.org/assets/tbhdb/game/gear/hatchet/HATCHET_450004.png	3ea8da344ff8e0dfdd5f26443b33e037073c97ccd29f3afde566bda22d014d86	258
source_gear_450005	hatchet	Hatchet	20	450005	War Hatchet	https://taskbarhero.org/assets/tbhdb/game/gear/hatchet/HATCHET_450005.png	e68c5233f30bdd66144a1075e177eab2bddb4985421e3a54c7a8580d6559e8d8	269
source_gear_450006	hatchet	Hatchet	25	450006	Composite Hatchet	https://taskbarhero.org/assets/tbhdb/game/gear/hatchet/HATCHET_450006.png	968ef77c53e76169c46e5e4c7eb1b2b236212563868e2db3b3fc68471501f7cd	254
source_gear_450007	hatchet	Hatchet	30	450007	Battle Hatchet	https://taskbarhero.org/assets/tbhdb/game/gear/hatchet/HATCHET_450007.png	cc8bee5b7ec3ee508070194baf61da83f9956576c89f8a15905c7e1b19a281c3	240
source_gear_450008	hatchet	Hatchet	35	450008	Wing Hatchet	https://taskbarhero.org/assets/tbhdb/game/gear/hatchet/HATCHET_450008.png	9cc0cfd52a39a23c85c12e4467fb31d52c2e8fce3dd5f1e980ab5666945b8997	239
source_gear_450009	hatchet	Hatchet	40	450009	Elite Hatchet	https://taskbarhero.org/assets/tbhdb/game/gear/hatchet/HATCHET_450009.png	915c9558b1338eb1a98a4022efe08748dd4ad1b521533f00ab9796ba31add44e	261
source_gear_450010	hatchet	Hatchet	45	450010	Large Hatchet	https://taskbarhero.org/assets/tbhdb/game/gear/hatchet/HATCHET_450010.png	563d45692f89e3f2a4ee5b7cb653cb9ca8714c12e0db008f6aaadc4d6932364e	284
source_gear_450011	hatchet	Hatchet	50	450011	Mystic Hatchet	https://taskbarhero.org/assets/tbhdb/game/gear/hatchet/HATCHET_450011.png	d3fef90a29a10801f778a82cf48258cf909e25a93b3e8b95c71d8848c8e003b4	270
source_gear_450012	hatchet	Hatchet	55	450012	Swift Hatchet	https://taskbarhero.org/assets/tbhdb/game/gear/hatchet/HATCHET_450012.png	3a92840b559ebbb5a4fdbb0c5fe609c2121ba7954b74710d7706213f7992d9a1	265
source_gear_450013	hatchet	Hatchet	60	450013	Ancient Hatchet	https://taskbarhero.org/assets/tbhdb/game/gear/hatchet/HATCHET_450013.png	61a9959447e5a040de0cff6a5130f17c81dd5f748512a761a5f60fffe0eaa340	216
source_gear_450014	hatchet	Hatchet	65	450014	Limitless Hatchet	https://taskbarhero.org/assets/tbhdb/game/gear/hatchet/HATCHET_450014.png	f2904314dd7f6bef80de4aacc4aa8bcf45c689d646b1d15f71d60903864f1589	254
source_gear_450015	hatchet	Hatchet	70	450015	Chaos Hatchet	https://taskbarhero.org/assets/tbhdb/game/gear/hatchet/HATCHET_450015.png	9e7c194d4599ed984ed686a85713ff53ac3e5a5cc13d454cdc2f9bdb44e09f88	308
source_gear_450016	hatchet	Hatchet	75	450016	Power Hatchet	https://taskbarhero.org/assets/tbhdb/game/gear/hatchet/HATCHET_450016.png	144182d5ccc4bda15954f6ab34bd835220767374e39a0753b5044f74ccb60c8c	282
source_gear_450017	hatchet	Hatchet	80	450017	Dimensional Hatchet	https://taskbarhero.org/assets/tbhdb/game/gear/hatchet/HATCHET_450017.png	d5d5a64f8bac85726a9527244b22d71b93e5be055614cbbd0348df45c1aea2ae	298
source_gear_450018	hatchet	Hatchet	85	450018	Shadow Hatchet	https://taskbarhero.org/assets/tbhdb/game/gear/hatchet/HATCHET_450018.png	af1909829aec0eb2ee633cf024433469e380b5c59f9ce1f3b824336a2c0dcdaa	185
source_gear_450019	hatchet	Hatchet	90	450019	Eternal Hatchet	https://taskbarhero.org/assets/tbhdb/game/gear/hatchet/HATCHET_450019.png	09c0854b69724a57e29b2a59cab639ea56ee8357e16d416ec7a916088b3a8aeb	323
source_gear_450020	hatchet	Hatchet	100	450020	Exalted Hatchet	https://taskbarhero.org/assets/tbhdb/game/gear/hatchet/HATCHET_450020.png	ba0b7bb3261aa410fac2b7800e4430144d6e0e9460945ba6b32cb705c47f63ed	242
source_gear_500001	helmet	Helmet	1	500001	Wooden Helmet	https://taskbarhero.org/assets/tbhdb/game/gear/helmet/HELMET_500001.png	5ee6e1b5f1126fd18989080790ec49c74b80ff54db80d62ba0d97120e638f3ad	329
source_gear_500002	helmet	Helmet	5	500002	Empire Helmet	https://taskbarhero.org/assets/tbhdb/game/gear/helmet/HELMET_500002.png	b78a6302238c7904cda68a640481ff837f2c13685ce087a457158639377661b9	277
source_gear_500003	helmet	Helmet	10	500003	Iron Helmet	https://taskbarhero.org/assets/tbhdb/game/gear/helmet/HELMET_500003.png	1595e0d39ea443765c6bf5c592a73184fdee86bfe49c173bcd07134b894c54cb	282
source_gear_500004	helmet	Helmet	15	500004	Knight Helmet	https://taskbarhero.org/assets/tbhdb/game/gear/helmet/HELMET_500004.png	81e0b8984ce21f5b55a7e8fcb22c758fb562d7698112a0681650e809dfbc6dea	310
source_gear_500005	helmet	Helmet	20	500005	Chain Helmet	https://taskbarhero.org/assets/tbhdb/game/gear/helmet/HELMET_500005.png	67201d807a1b7651717ea2260c6b69f91a309ae510b7910892885d01c1efe46a	316
source_gear_500006	helmet	Helmet	25	500006	Medium Helmet	https://taskbarhero.org/assets/tbhdb/game/gear/helmet/HELMET_500006.png	5e98f6658170f94498af0a04aee2697efbbc24725f711c8d6f440d5ef4ba0298	377
source_gear_500007	helmet	Helmet	30	500007	War Helmet	https://taskbarhero.org/assets/tbhdb/game/gear/helmet/HELMET_500007.png	bf986768708c92001dadefd77fc3080d8b98bba153476d47f1dce002af6081a9	371
source_gear_500008	helmet	Helmet	35	500008	Emperor Helmet	https://taskbarhero.org/assets/tbhdb/game/gear/helmet/HELMET_500008.png	2414e7e1931bf5caddb0b7b626402f909a352890e71a752045adf1aa93ad3be8	326
source_gear_500009	helmet	Helmet	40	500009	Rune Helmet	https://taskbarhero.org/assets/tbhdb/game/gear/helmet/HELMET_500009.png	bb987e3424518e5f3a41e4186afb6b230f8fa8e44811d2e42c94115a5aa6ad81	377
source_gear_500010	helmet	Helmet	45	500010	Red Helmet	https://taskbarhero.org/assets/tbhdb/game/gear/helmet/HELMET_500010.png	848281a60c68e5705beb7cbff2bf291079583e1d34a1f013962ee97c9079264a	406
source_gear_500011	helmet	Helmet	50	500011	Fate Helmet	https://taskbarhero.org/assets/tbhdb/game/gear/helmet/HELMET_500011.png	edcb356032ed81dd303bf8d1bb77a1a0854745065f95338786cfe63453e236b2	428
source_gear_500012	helmet	Helmet	55	500012	Great Helmet	https://taskbarhero.org/assets/tbhdb/game/gear/helmet/HELMET_500012.png	b685d83b8e58545626061678388ab57ec72dd3d8007f8131e5109165eeb11b9b	411
source_gear_500013	helmet	Helmet	60	500013	Storm Helmet	https://taskbarhero.org/assets/tbhdb/game/gear/helmet/HELMET_500013.png	27852e87abd972c328b53bf306ba1b3a1823bf532a473713f45bdc84de20a2cd	316
source_gear_500014	helmet	Helmet	65	500014	Fighter's Helmet	https://taskbarhero.org/assets/tbhdb/game/gear/helmet/HELMET_500014.png	906926664b7af1a992fd5edd2bbe45a4e65a69f48a2666b1d8a9d4b8ae3bf417	401
source_gear_500015	helmet	Helmet	70	500015	Void Helmet	https://taskbarhero.org/assets/tbhdb/game/gear/helmet/HELMET_500015.png	873d5ca9deb594ddc8963ca6b00341960f296825d53071b6409a12453812777a	399
source_gear_500016	helmet	Helmet	75	500016	Crystal Helmet	https://taskbarhero.org/assets/tbhdb/game/gear/helmet/HELMET_500016.png	8cab31a9b81ee07cce7771282bf47cca2ea839191fa1e4644b586d3c438efdd6	448
source_gear_500017	helmet	Helmet	80	500017	Dimensional Helmet	https://taskbarhero.org/assets/tbhdb/game/gear/helmet/HELMET_500017.png	8650c5eb0f0cbf0428b0a87e477a7c14e3cc58e4fc293bc30ffe562911f6d54b	420
source_gear_500018	helmet	Helmet	85	500018	Shadow Helmet	https://taskbarhero.org/assets/tbhdb/game/gear/helmet/HELMET_500018.png	84cb65e14ded6602ea45b9e1088e8c22afc3665ecf7a3bc19499f212e94d9978	419
source_gear_500019	helmet	Helmet	90	500019	Eternal Helmet	https://taskbarhero.org/assets/tbhdb/game/gear/helmet/HELMET_500019.png	e7877a1ea676b22347397e334b8e5475d37a557e25c25c5792b2b9e7307bef1e	392
source_gear_500020	helmet	Helmet	100	500020	Radiant Helmet	https://taskbarhero.org/assets/tbhdb/game/gear/helmet/HELMET_500020.png	14d47e01c4e1f5a5a47623379ca09ee5617634da518673eca0bc57e9e72e1190	394
source_gear_420001	orb	Orb	1	420001	Magic Orb	https://taskbarhero.org/assets/tbhdb/game/gear/orb/ORB_420001.png	f724849ae568114e49007e8e571df80a98ab238e493e6cd4a2d2b61a4f9465fb	364
source_gear_420002	orb	Orb	5	420002	Elder Orb	https://taskbarhero.org/assets/tbhdb/game/gear/orb/ORB_420002.png	316882d1203823456b4dd10a03ee8650523d1645d0499a208a4f9b37d4c02f92	470
source_gear_420003	orb	Orb	10	420003	Brilliant Orb	https://taskbarhero.org/assets/tbhdb/game/gear/orb/ORB_420003.png	40a80226adfa0282d73b521a35a6f7ee4622d4bfebb2be1eadee3c17e75b6e7c	490
source_gear_420004	orb	Orb	15	420004	Frozen Orb	https://taskbarhero.org/assets/tbhdb/game/gear/orb/ORB_420004.png	c01467afca8c97265d043ad3b76c155cdc08a09b8e0d7665cd0dca309a21fba6	354
source_gear_420005	orb	Orb	20	420005	Prophecy Orb	https://taskbarhero.org/assets/tbhdb/game/gear/orb/ORB_420005.png	3de69b0ce8e70fea978793259ad1e8d8f4352c567599526d12e12a90f263d9bb	500
source_gear_420006	orb	Orb	25	420006	Dark Orb	https://taskbarhero.org/assets/tbhdb/game/gear/orb/ORB_420006.png	31274b29e9ebdfa9082c18c3b37920c5d723a153e5ccd845d6c271dcc8e28442	438
source_gear_420007	orb	Orb	30	420007	Rune Orb	https://taskbarhero.org/assets/tbhdb/game/gear/orb/ORB_420007.png	93ee97484f5574b7000f90f3bfee1db7932ee07604760cab8bd67a0806775170	472
source_gear_420008	orb	Orb	35	420008	Shining Orb	https://taskbarhero.org/assets/tbhdb/game/gear/orb/ORB_420008.png	51f2002bb36589e0005902f6e88ea53e8cda0698a750fe10ce8d58f9c8ea7a56	448
source_gear_420009	orb	Orb	40	420009	Arcane Orb	https://taskbarhero.org/assets/tbhdb/game/gear/orb/ORB_420009.png	3e4cae477304e3c5da704df3e95c047cb95018ef7c8866bb21ab9c86d08f857d	468
source_gear_420010	orb	Orb	45	420010	Fate Orb	https://taskbarhero.org/assets/tbhdb/game/gear/orb/ORB_420010.png	22b16d870c63e7ea1356a077b18499e5e07909f8ad765892678510e5f404d588	432
source_gear_420011	orb	Orb	50	420011	Mystic Orb	https://taskbarhero.org/assets/tbhdb/game/gear/orb/ORB_420011.png	3f1ab517948cbb6fc7aa2301f6b5bd842c1765749268e2440bda976e6014644f	444
source_gear_420012	orb	Orb	55	420012	Sky Orb	https://taskbarhero.org/assets/tbhdb/game/gear/orb/ORB_420012.png	2b407e1519b4e9beba131f837661017753712839e11fcb1a20d2325d7bf2ae33	492
source_gear_420013	orb	Orb	60	420013	Spirit Orb	https://taskbarhero.org/assets/tbhdb/game/gear/orb/ORB_420013.png	b109d772422b4331a5d3db25aa1554420d24963234c7a04339b3a7bbd8a07f9c	451
source_gear_420014	orb	Orb	65	420014	Ancient Orb	https://taskbarhero.org/assets/tbhdb/game/gear/orb/ORB_420014.png	ec26e750417f278e3368bfa5d382b394d555d05902fea7b5bfe0754877ff6ac1	384
source_gear_420015	orb	Orb	70	420015	Abyssal Orb	https://taskbarhero.org/assets/tbhdb/game/gear/orb/ORB_420015.png	95e2d6340a2fcff5a00e06ae710d4bcc7eeab95ded0e785b1dc82c972f3a777d	384
source_gear_420016	orb	Orb	75	420016	Void Orb	https://taskbarhero.org/assets/tbhdb/game/gear/orb/ORB_420016.png	8790d34d13ff60375d11cce90586e67c44cf5fa949d87ef1006b20ae8303de87	451
source_gear_420017	orb	Orb	80	420017	Dimensional Orb	https://taskbarhero.org/assets/tbhdb/game/gear/orb/ORB_420017.png	badfda3e25f29acdb10dc5175e8ce423d872a20672cd59cf5bb5a394e734916c	434
source_gear_420018	orb	Orb	85	420018	Shadow Orb	https://taskbarhero.org/assets/tbhdb/game/gear/orb/ORB_420018.png	9416f31ad3f24831ba013b89e802c13587f9a30c281915262a7731e3a496451d	377
source_gear_420019	orb	Orb	90	420019	Eternal Orb	https://taskbarhero.org/assets/tbhdb/game/gear/orb/ORB_420019.png	249556f97b396558585f4ac23a70ad83492f957885e5235b3711c58bbd4c7cbf	384
source_gear_420020	orb	Orb	100	420020	Aureate Orb	https://taskbarhero.org/assets/tbhdb/game/gear/orb/ORB_420020.png	6d23208b8e782e7847b8e4430c061654606d6e94ce755b3a2c21fad4ac5df636	456
source_gear_621011	ring	Ring	1	621011	Copper Ring	https://taskbarhero.org/assets/tbhdb/game/gear/ring/RING_620001.png	8440670093a75a36c80dbed2a70a5589beb2c00d08600d152bcbc9820b629cd4	222
source_gear_621021	ring	Ring	5	621021	Bronze Ring	https://taskbarhero.org/assets/tbhdb/game/gear/ring/RING_620002.png	04e883587cd81602cdac9c77b01a08e053db256eafd7e16c3d24003a5e41b223	241
source_gear_621031	ring	Ring	10	621031	Silver Ring	https://taskbarhero.org/assets/tbhdb/game/gear/ring/RING_620003.png	c65ffdbfb6ba3ff31e2cf7e944bbc3db0d6215f101f691f62bb36cc2a2fca182	256
source_gear_621041	ring	Ring	15	621041	Gold Ring	https://taskbarhero.org/assets/tbhdb/game/gear/ring/RING_620004.png	6ff27107e9036e155bb647f4a5fd724183deba45cd8f3316f81ca64a569926d5	229
source_gear_621051	ring	Ring	20	621051	Platinum Ring	https://taskbarhero.org/assets/tbhdb/game/gear/ring/RING_620005.png	57c8acce99b8574e527e715fc8d3aeaaab86127fb77d4765533d21c994a728c4	264
source_gear_621061	ring	Ring	25	621061	Crystal Ring	https://taskbarhero.org/assets/tbhdb/game/gear/ring/RING_620006.png	edeacc78e03678026b511b3c3c28d6faf5c15f7948c57c27ec0fc52a37b1081b	274
source_gear_621071	ring	Ring	30	621071	Amber Ring	https://taskbarhero.org/assets/tbhdb/game/gear/ring/RING_620007.png	6b2bde98d33f07304d38b08aa8eee7f4a081c49bf1ccb650453af44703c3e1be	271
source_gear_621081	ring	Ring	35	621081	Topaz Ring	https://taskbarhero.org/assets/tbhdb/game/gear/ring/RING_620008.png	26bb26ce4c111d94b8f1ae2f760fee3ada4d2ffd183890f150d0d3b22c920c8a	286
source_gear_621091	ring	Ring	40	621091	Amethyst Ring	https://taskbarhero.org/assets/tbhdb/game/gear/ring/RING_620009.png	0f044d481a242a809c10444a7bcbc5f580a91be9d00bfbcbad09b89d92d89c05	287
source_gear_621101	ring	Ring	45	621101	Garnet Ring	https://taskbarhero.org/assets/tbhdb/game/gear/ring/RING_620010.png	75b3c933dc3d4cdb617a74e53d8003cd1bbc857a321ef98c0f5074ca6b47309a	300
source_gear_621111	ring	Ring	50	621111	Emerald Ring	https://taskbarhero.org/assets/tbhdb/game/gear/ring/RING_620011.png	f171ecd711b62d8d6cc1fbd618ab23d51b3c9ac3250dcadb55147da4394314d1	299
source_gear_621121	ring	Ring	55	621121	Diamond Ring	https://taskbarhero.org/assets/tbhdb/game/gear/ring/RING_620012.png	a12b0f12a3aa209b41b6a8bce0c81cd8dd88bbc52e9d10d280d1c7b0c768d199	279
source_gear_621131	ring	Ring	60	621131	Moonstone Ring	https://taskbarhero.org/assets/tbhdb/game/gear/ring/RING_620013.png	dcb7cc763429af10416d6cd8ebeae38760022aa06c02df76e989bf205ece946f	293
source_gear_621141	ring	Ring	65	621141	Eclipse Ring	https://taskbarhero.org/assets/tbhdb/game/gear/ring/RING_620014.png	c34fc4286fdf10db00f23aaf3cfddc4c2159770de3ee0c441fc5b6a26426dfe9	299
source_gear_621151	ring	Ring	70	621151	Celestial Ring	https://taskbarhero.org/assets/tbhdb/game/gear/ring/RING_620015.png	b59b4feaf3a4a0a0891fd6ad3e5c0b55b2ac1f0fb8b2fa99bb95c621b35f345d	299
source_gear_621161	ring	Ring	75	621161	Astral Ring	https://taskbarhero.org/assets/tbhdb/game/gear/ring/RING_620016.png	a2fcc34bfcb4c13b8bf7803feda9ed238a101fe80246570b9e16cd22f2b37987	299
source_gear_621171	ring	Ring	80	621171	Ethereal Ring	https://taskbarhero.org/assets/tbhdb/game/gear/ring/RING_620017.png	b23cfb1162651ba275c07f1aa2777b88971d3be3f733e02af97bede6d3564002	295
source_gear_621181	ring	Ring	85	621181	Void Ring	https://taskbarhero.org/assets/tbhdb/game/gear/ring/RING_620018.png	cb2beca202ef9d0429a1398e3298057da9eb07b77cfc5aa1b2a41eebd04f0713	298
source_gear_621191	ring	Ring	90	621191	Abyss Ring	https://taskbarhero.org/assets/tbhdb/game/gear/ring/RING_620019.png	06dd9468a93292a463b8b3c5dc837d991f82f4b8443fe28cdf9a1028f20c2b3f	300
source_gear_330001	scepter	Scepter	1	330001	Novice Scepter	https://taskbarhero.org/assets/tbhdb/game/gear/scepter/SCEPTER_330001.png	fc02a28cd0173aac057c0e7a14b360ab66542144aef3e23f51ac14b41a044b61	163
source_gear_330002	scepter	Scepter	5	330002	Iron Scepter	https://taskbarhero.org/assets/tbhdb/game/gear/scepter/SCEPTER_330002.png	de283d309bb247e25931399dbc5a477f8e673e5132ceaf7dcece138d90f311da	180
source_gear_330003	scepter	Scepter	10	330003	Blessed Scepter	https://taskbarhero.org/assets/tbhdb/game/gear/scepter/SCEPTER_330003.png	d2ad91d0216d992a93e758c4eed4e26a83324a13afd1e2e28343b310ecc01e3d	197
source_gear_330004	scepter	Scepter	15	330004	Steel Scepter	https://taskbarhero.org/assets/tbhdb/game/gear/scepter/SCEPTER_330004.png	bb757606d491c6d67eea98a2c7992e26180ec251947b8c98109f8c1f3ee38bda	197
source_gear_330005	scepter	Scepter	20	330005	Sacred Scepter	https://taskbarhero.org/assets/tbhdb/game/gear/scepter/SCEPTER_330005.png	b5546fc7c478bbd992080f6a199b400a272cb30482ed30d4bd21d3ed3213275b	240
source_gear_330006	scepter	Scepter	25	330006	Bishop's Scepter	https://taskbarhero.org/assets/tbhdb/game/gear/scepter/SCEPTER_330006.png	bf6cd4906a3feb98815034514157ccad204bf680f1d0500d4fcb2f095592a38f	228
source_gear_330007	scepter	Scepter	30	330007	Devout Scepter	https://taskbarhero.org/assets/tbhdb/game/gear/scepter/SCEPTER_330007.png	df3b736dc43255a6de6f1bbe65e89643104a6a778c0f556283fb31d0864c59bb	249
source_gear_330008	scepter	Scepter	35	330008	Heavy Scepter	https://taskbarhero.org/assets/tbhdb/game/gear/scepter/SCEPTER_330008.png	ba9ec60c4c39ce2b60e0559a69347c20dc32bd0d9124d00c2a02a01dbfdfbcea	238
source_gear_330009	scepter	Scepter	40	330009	Rune Scepter	https://taskbarhero.org/assets/tbhdb/game/gear/scepter/SCEPTER_330009.png	d31dfba102995d878381105fd35a56715da0bb3bac22d9c2281bc252d3cce203	268
source_gear_330010	scepter	Scepter	45	330010	Legend Scepter	https://taskbarhero.org/assets/tbhdb/game/gear/scepter/SCEPTER_330010.png	284d906508171394e0d82434ae94b8e681f57cf324dffa42c963899bec22fa98	263
source_gear_330011	scepter	Scepter	50	330011	Fate Scepter	https://taskbarhero.org/assets/tbhdb/game/gear/scepter/SCEPTER_330011.png	57a8c1a0e79ffb49df398b18034ed74bdf50687fb9b9a3afc8d6a8e7d79adb22	248
source_gear_330012	scepter	Scepter	55	330012	Hero Scepter	https://taskbarhero.org/assets/tbhdb/game/gear/scepter/SCEPTER_330012.png	d74dcd806faeeeaa03e9260b7b52ae1548e8fb5225da6f984cc716d11bfeb706	261
source_gear_330013	scepter	Scepter	60	330013	Storm Scepter	https://taskbarhero.org/assets/tbhdb/game/gear/scepter/SCEPTER_330013.png	1207306c8d25a300206916ecf25d536accc04c16f984ccd8da1449ccfd4c7551	219
source_gear_330014	scepter	Scepter	65	330014	Limitless Scepter	https://taskbarhero.org/assets/tbhdb/game/gear/scepter/SCEPTER_330014.png	2a37d22dfc02b90dea17fe459a2d589f5db38db97d61a860dc5bd854767055c6	268
source_gear_330015	scepter	Scepter	70	330015	Chaos Scepter	https://taskbarhero.org/assets/tbhdb/game/gear/scepter/SCEPTER_330015.png	49906f6d7d462b11329fc320106e6b8af99201083df37098b38188b734e98162	260
source_gear_330016	scepter	Scepter	75	330016	Power Scepter	https://taskbarhero.org/assets/tbhdb/game/gear/scepter/SCEPTER_330016.png	3383f85c24c92d376937b92bb2b91ec8dbecbf32c3cb69bd71bd4e84124b6f4b	255
source_gear_330017	scepter	Scepter	80	330017	Dimensional Scepter	https://taskbarhero.org/assets/tbhdb/game/gear/scepter/SCEPTER_330017.png	de1b57ba77bf3672340daf98d41d70af75851e703ebfb6df4af539249ee3da4b	265
source_gear_330018	scepter	Scepter	85	330018	Shadow Scepter	https://taskbarhero.org/assets/tbhdb/game/gear/scepter/SCEPTER_330018.png	e94bcaaf27f14dddeadf6e7334392d7e6f4c611c05a99a575aaaf6b38a56b9a8	268
source_gear_330019	scepter	Scepter	90	330019	Eternal Scepter	https://taskbarhero.org/assets/tbhdb/game/gear/scepter/SCEPTER_330019.png	a2a5c9cd3296c20b57fea8cf2296be55a20dc6a670027f8de02dac9750d262e8	221
source_gear_330020	scepter	Scepter	100	330020	Radiant Scepter	https://taskbarhero.org/assets/tbhdb/game/gear/scepter/SCEPTER_330020.png	404f8059b31b9810b5e1c7ad27f9df5afa21a44335daf9bd4f01306db2a29404	256
source_gear_400001	shield	Shield	1	400001	Buckler	https://taskbarhero.org/assets/tbhdb/game/gear/shield/SHIELD_400001.png	4d8f265977397d2a342f96fe4ab7f4a9af0c1744195fb8ad5d9c82c88d36188b	492
source_gear_400002	shield	Shield	5	400002	Wooden Shield	https://taskbarhero.org/assets/tbhdb/game/gear/shield/SHIELD_400002.png	9180a87ac04a4b90e2ebfcfdccb5957e97caed70ada65308f6f499d20db434be	300
source_gear_400003	shield	Shield	10	400003	Iron Shield	https://taskbarhero.org/assets/tbhdb/game/gear/shield/SHIELD_400003.png	a3e2dd18cbd95319550e41dbe1a44ebfccb7168b8e808760e6253a9097141182	280
source_gear_400004	shield	Shield	15	400004	Heater Shield	https://taskbarhero.org/assets/tbhdb/game/gear/shield/SHIELD_400004.png	e229fe57fde0a3899597910c192316287a10ae30cba8243900968e2f003a9c68	370
source_gear_400005	shield	Shield	20	400005	Heavy Shield	https://taskbarhero.org/assets/tbhdb/game/gear/shield/SHIELD_400005.png	4cb3f6efe26844337570eea2a4baeba814090b7b40613923513854f87ea1cef0	395
source_gear_400006	shield	Shield	25	400006	Forest Shield	https://taskbarhero.org/assets/tbhdb/game/gear/shield/SHIELD_400006.png	b080a1d6306d6709508e7074b5a4bcb5eddf3f6d3d18f09be0266823e25b3ff6	503
source_gear_400007	shield	Shield	30	400007	War Shield	https://taskbarhero.org/assets/tbhdb/game/gear/shield/SHIELD_400007.png	2ee03e1fa9097184de82909e6ca0d800e5a83203cd880e304c29e107deb00caf	460
source_gear_400008	shield	Shield	35	400008	Barrier Shield	https://taskbarhero.org/assets/tbhdb/game/gear/shield/SHIELD_400008.png	58a7b9bd30eaf5cae80a651c393f896bb1e9671f6d0f095baff243418f834fa0	454
source_gear_400009	shield	Shield	40	400009	Elite Shield	https://taskbarhero.org/assets/tbhdb/game/gear/shield/SHIELD_400009.png	5d851c54bf595ece6099a8bb626eaabe91caa445c9724d68ff7285813ceabf03	447
source_gear_400010	shield	Shield	45	400010	Crimson Shield	https://taskbarhero.org/assets/tbhdb/game/gear/shield/SHIELD_400010.png	892ee04b3b6ee46eb9624ffa0ce411df631d4f05c32dd56aa5dea254e2362804	444
source_gear_400011	shield	Shield	50	400011	Mystic Shield	https://taskbarhero.org/assets/tbhdb/game/gear/shield/SHIELD_400011.png	f8b11ec2ef8caa42458e7841f691b96a27c8e4207136a339b8a180569189beac	434
source_gear_400012	shield	Shield	55	400012	Grand Shield	https://taskbarhero.org/assets/tbhdb/game/gear/shield/SHIELD_400012.png	01e5ee58d82961d762b82a14cac13a4479475df3cff477618b1e494d5405e92a	570
source_gear_400013	shield	Shield	60	400013	Ancient Shield	https://taskbarhero.org/assets/tbhdb/game/gear/shield/SHIELD_400013.png	efaa529f2922eda2e50a0e2a384b7f9572368728efa49885782f07c8c81647ad	451
source_gear_400014	shield	Shield	65	400014	Radiant Shield	https://taskbarhero.org/assets/tbhdb/game/gear/shield/SHIELD_400014.png	918f5730d34ce01bffa27c845b5290cf66b960bd08cb459fa826af106c52e56c	317
source_gear_400015	shield	Shield	70	400015	Void Shield	https://taskbarhero.org/assets/tbhdb/game/gear/shield/SHIELD_400015.png	f1521e4c0c01120cd169e20b10faa8c972b4686a9e123cd1ef42d6d8b514b533	442
source_gear_400016	shield	Shield	75	400016	Divine Shield	https://taskbarhero.org/assets/tbhdb/game/gear/shield/SHIELD_400016.png	ede883e35b3a0612047463d23510b570c10e2cfde05c8d609bd549e375562ea1	398
source_gear_400017	shield	Shield	80	400017	Dimensional Shield	https://taskbarhero.org/assets/tbhdb/game/gear/shield/SHIELD_400017.png	a076e036325c7af19f1686063dc1120a5fd134facddf02bc9cff7cfb739971ed	440
source_gear_400018	shield	Shield	85	400018	Shadow Shield	https://taskbarhero.org/assets/tbhdb/game/gear/shield/SHIELD_400018.png	702498d64d91fc823644e0cd04d51ee26a4372f2eda01d5d29943a67897a458d	255
source_gear_400019	shield	Shield	90	400019	Eternal Shield	https://taskbarhero.org/assets/tbhdb/game/gear/shield/SHIELD_400019.png	e781f662fbeb3dfbbfb312f15e1ab646c7a567c64229d47cbdbc1932d3ff363d	508
source_gear_400020	shield	Shield	100	400020	Dragon Shield	https://taskbarhero.org/assets/tbhdb/game/gear/shield/SHIELD_400020.png	fe2752f7a05285c3d47992cef660cb042e67d9af89cb5243b280772805ccad7a	476
source_gear_320001	staff	Staff	1	320001	Wooden Staff	https://taskbarhero.org/assets/tbhdb/game/gear/staff/STAFF_320001.png	32eed5fdaf8dc8295ed061ca19be8098f08259182be0aac37deddd1c2eaf3563	256
source_gear_320002	staff	Staff	5	320002	Herald Staff	https://taskbarhero.org/assets/tbhdb/game/gear/staff/STAFF_320002.png	b279fc3a702cdd0b23a1d201e37724a0029ff8700d87c716142fc891bbb09f28	213
source_gear_320003	staff	Staff	10	320003	Long Staff	https://taskbarhero.org/assets/tbhdb/game/gear/staff/STAFF_320003.png	ea81896fc1a708fcd796bef3b540d8636d05b52cebe1cc1a74acf7367286400d	199
source_gear_320004	staff	Staff	15	320004	Witch Staff	https://taskbarhero.org/assets/tbhdb/game/gear/staff/STAFF_320004.png	0cb5b2ee4c1b665501c1b33f1db7816d2594ee99587650b9f08395f0c41097cf	231
source_gear_320005	staff	Staff	20	320005	Azure Staff	https://taskbarhero.org/assets/tbhdb/game/gear/staff/STAFF_320005.png	f0967faf00cda8af8cbe1d77be233b158dd2693122b498d9b4520f9cee41e5f6	227
source_gear_320006	staff	Staff	25	320006	Elder Staff	https://taskbarhero.org/assets/tbhdb/game/gear/staff/STAFF_320006.png	11ea0f467723431b99999ec78520ff0e6af216230de826b24796d1b25e007bb2	262
source_gear_320007	staff	Staff	30	320007	Sage Staff	https://taskbarhero.org/assets/tbhdb/game/gear/staff/STAFF_320007.png	df02a0e5c033e9579813cbd2e5186e6cbb0a8d68895b00c7129116488569eb2c	316
source_gear_320008	staff	Staff	35	320008	Mystic Staff	https://taskbarhero.org/assets/tbhdb/game/gear/staff/STAFF_320008.png	13405c06513d768c1690f1cf052f649c35564fa7daa8a52340b229ccb1162daf	269
source_gear_320009	staff	Staff	40	320009	Comet Staff	https://taskbarhero.org/assets/tbhdb/game/gear/staff/STAFF_320009.png	371b237890049bbbdb0ae8575ac93530c8f05683e8e727417bbecdeed8bef503	296
source_gear_320010	staff	Staff	45	320010	Crystal Staff	https://taskbarhero.org/assets/tbhdb/game/gear/staff/STAFF_320010.png	0cd04237eab0840e9d62fae8de60634f41ee55454b65f3965828d0aa21e57885	318
source_gear_320011	staff	Staff	50	320011	Void Staff	https://taskbarhero.org/assets/tbhdb/game/gear/staff/STAFF_320011.png	b300fd86cf7f564bd2636c16cc8cf38d39d2848df4196fe271e9cda7fbe5840f	330
source_gear_320012	staff	Staff	55	320012	Conqueror Staff	https://taskbarhero.org/assets/tbhdb/game/gear/staff/STAFF_320012.png	804e358cbbcc5f7a52bf426e2b7c498c6c290c8f2d5970084ee1f88c81777cf4	280
source_gear_320013	staff	Staff	60	320013	Ancient Staff	https://taskbarhero.org/assets/tbhdb/game/gear/staff/STAFF_320013.png	528f0fb68bbbcc615337f9578c4e40bb5364bc7919ea866f9a8ee962ee04bcd5	348
source_gear_320014	staff	Staff	65	320014	Sacred Staff	https://taskbarhero.org/assets/tbhdb/game/gear/staff/STAFF_320014.png	cee99f1dbda13525c72208d610ed8c2cd9d03bef2df0b4c9e22e0949a8271124	327
source_gear_320015	staff	Staff	70	320015	Abyssal Staff	https://taskbarhero.org/assets/tbhdb/game/gear/staff/STAFF_320015.png	bcbd0f9a01303975212f609c231eb167c0d4a62cf50a7d7ab3374fb109967360	380
source_gear_320016	staff	Staff	75	320016	Chaos Staff	https://taskbarhero.org/assets/tbhdb/game/gear/staff/STAFF_320016.png	14e9845df2e2a47f42fde1644db0f7eb0bd9751dc52a798ebc38f82e2f695356	346
source_gear_320017	staff	Staff	80	320017	Tempest Staff	https://taskbarhero.org/assets/tbhdb/game/gear/staff/STAFF_320017.png	290bd5d9c9717bd466059e607261ec1a2bbda4c2a4b8334a3e0b2e0bb31db63e	274
source_gear_320018	staff	Staff	85	320018	Nova Staff	https://taskbarhero.org/assets/tbhdb/game/gear/staff/STAFF_320018.png	b795dc2715ea661c050e2894a42e75473e02ac7d7a2705206a349ca3cee5ac73	258
source_gear_320019	staff	Staff	90	320019	Eternal Staff	https://taskbarhero.org/assets/tbhdb/game/gear/staff/STAFF_320019.png	43eb4889ae912a04673807e47b1ca2eff5a818d88efb05e9a9ec5606db121e16	291
source_gear_320020	staff	Staff	100	320020	Radiant Staff	https://taskbarhero.org/assets/tbhdb/game/gear/staff/STAFF_320020.png	b234143342b634967029d0135e6ca484895a7a4e6c573763d94b90ce36f5dd37	267
source_gear_300001	sword	Sword	1	300001	Long Sword	https://taskbarhero.org/assets/tbhdb/game/gear/sword/SWORD_300001.png	7a1b5a8b6e7c5e8ded4325c225a2f01cceaf7d9ceb934f17af6e6148f3dd0277	239
source_gear_300002	sword	Sword	5	300002	Cutlas	https://taskbarhero.org/assets/tbhdb/game/gear/sword/SWORD_300002.png	b4a6ef4440311ac8a0677c07d43527f476065c2b116221b288e03bbbc0f714b6	219
source_gear_300003	sword	Sword	10	300003	Rapier	https://taskbarhero.org/assets/tbhdb/game/gear/sword/SWORD_300003.png	83c7832936f4b7df43caf124925b8fa6892ecf308ea67304882e74836ed35b33	186
source_gear_300004	sword	Sword	15	300004	Bastard Sword	https://taskbarhero.org/assets/tbhdb/game/gear/sword/SWORD_300004.png	4b5c71489666194784eb21ec65c760f6c083cdd200915839162b7bf866238f3c	248
source_gear_300005	sword	Sword	20	300005	Great Sword	https://taskbarhero.org/assets/tbhdb/game/gear/sword/SWORD_300005.png	e963833c6ecc213654fab7cfd6251491cca90062a2120d02d80ab1316d2af983	284
source_gear_300006	sword	Sword	25	300006	Heavy Blade	https://taskbarhero.org/assets/tbhdb/game/gear/sword/SWORD_300006.png	12ed1a918c77e891b55ace25375f59f0aed3cc8495f0dd0b3c7c109d26facc71	276
source_gear_300007	sword	Sword	30	300007	Knight Sword	https://taskbarhero.org/assets/tbhdb/game/gear/sword/SWORD_300007.png	ca48de2d2f2303cec2a187fe4c423926e39cea7bf45c2affb08134345665359a	386
source_gear_300008	sword	Sword	35	300008	Commander's Sword	https://taskbarhero.org/assets/tbhdb/game/gear/sword/SWORD_300008.png	8058d459a63dc49d12e0cd854b0496b3b0bca409388a4c155d3d66b0fedbe3e7	325
source_gear_300009	sword	Sword	40	300009	Rune Sword	https://taskbarhero.org/assets/tbhdb/game/gear/sword/SWORD_300009.png	965d8039f9aa80282cb0a7c240b55d4ba1f024037a1a793ccb4c8b7e21c366f7	334
source_gear_300010	sword	Sword	45	300010	Legend Sword	https://taskbarhero.org/assets/tbhdb/game/gear/sword/SWORD_300010.png	eb94bf215b6f0f0f1afdee918129987a94f6449335c63d548d4e87fdb9920bc6	305
source_gear_300011	sword	Sword	50	300011	Fate Sword	https://taskbarhero.org/assets/tbhdb/game/gear/sword/SWORD_300011.png	a556732e5e63ce912ac6931f9c55ed18cbeb5bf7ab46f8de85eaefea5893bcff	365
source_gear_300012	sword	Sword	55	300012	Hero Sword	https://taskbarhero.org/assets/tbhdb/game/gear/sword/SWORD_300012.png	1c9b418b6d33ad0e36bf79010ad886a26b5b698737421278da8cc624b6f98d00	363
source_gear_300013	sword	Sword	60	300013	Storm Sword	https://taskbarhero.org/assets/tbhdb/game/gear/sword/SWORD_300013.png	cc49a04c5c043a948cb8594ad82684ceb5c78273f13fb02cb8e65069ee556392	293
source_gear_300014	sword	Sword	65	300014	Vengeance Sword	https://taskbarhero.org/assets/tbhdb/game/gear/sword/SWORD_300014.png	efb63f89f38ef4589cf9378f01fac1c995bbf58e26789e469d4498df0ecde163	452
source_gear_300015	sword	Sword	70	300015	Void Blade	https://taskbarhero.org/assets/tbhdb/game/gear/sword/SWORD_300015.png	98b7cac26664179ebc71e5185c645d0d65b417969e7e86d67fd15c15d7e4ff3b	279
source_gear_300016	sword	Sword	75	300016	Crystal Blade	https://taskbarhero.org/assets/tbhdb/game/gear/sword/SWORD_300016.png	a318890460748cc46171b42cf9269fc7521537ce6652b2a64ae29a76fd5306a8	418
source_gear_300017	sword	Sword	80	300017	Dimensional Sword	https://taskbarhero.org/assets/tbhdb/game/gear/sword/SWORD_300017.png	9afaadb709dd95ef45095d7ac633835b088f4668e086bbeced6f102cae058618	360
source_gear_300018	sword	Sword	85	300018	Shadow Blade	https://taskbarhero.org/assets/tbhdb/game/gear/sword/SWORD_300018.png	17a7f8ef4bac61b5c493e0b274d8ff5a294c00ee1dfa821e54e2870576211571	210
source_gear_300019	sword	Sword	90	300019	Eternal Sword	https://taskbarhero.org/assets/tbhdb/game/gear/sword/SWORD_300019.png	0c508f9cdeaadf510986c9e93f2f60d856cb46395314434dc2e8f2e92e04088a	324
source_gear_300020	sword	Sword	100	300020	Radiant Sword	https://taskbarhero.org/assets/tbhdb/game/gear/sword/SWORD_300020.png	586401d14016bd7337f89c010438f0dea1f7057d79c50b70850c3856f66c4178	266
source_gear_430001	tome	Tome	1	430001	Prayer Tome	https://taskbarhero.org/assets/tbhdb/game/gear/tome/TOME_430001.png	8f26b0c94010077bddca41513132ae6f1a90309988b081ec45ee917e7b66066a	386
source_gear_430002	tome	Tome	5	430002	Empire Tome	https://taskbarhero.org/assets/tbhdb/game/gear/tome/TOME_430002.png	235927f19f3fec64b6ef48de9f574ef6acf6cfb17547836e330448b40deb9d9e	368
source_gear_430003	tome	Tome	10	430003	Iron Tome	https://taskbarhero.org/assets/tbhdb/game/gear/tome/TOME_430003.png	fc9046b911e3d1a2c22dd92ca8d0716b338511a51491867426fbcd09fe28f7ac	409
source_gear_430004	tome	Tome	15	430004	Knight's Tome	https://taskbarhero.org/assets/tbhdb/game/gear/tome/TOME_430004.png	c8dcfa4d29d42b588cb15940039bef4d9841bf4a5e9efa2112e5ed908a1835cb	443
source_gear_430005	tome	Tome	20	430005	Blessed Tome	https://taskbarhero.org/assets/tbhdb/game/gear/tome/TOME_430005.png	9ac179c2db5ad6a21e44179a134f822da18ccfe154dddb955efff26001ed8087	403
source_gear_430006	tome	Tome	25	430006	Commander's Tome	https://taskbarhero.org/assets/tbhdb/game/gear/tome/TOME_430006.png	a9ab1e84cb8647a201240e65f4eb3b56b5d59c586360254d54ead074eb1b108c	402
source_gear_430007	tome	Tome	30	430007	War Tome	https://taskbarhero.org/assets/tbhdb/game/gear/tome/TOME_430007.png	48e2a2fb70befce4d68f8c41698fce578cda3fec5abbcc97088461ee50f37736	378
source_gear_430008	tome	Tome	35	430008	Emperor's Tome	https://taskbarhero.org/assets/tbhdb/game/gear/tome/TOME_430008.png	3ab720dd80b0a476d0dde8caf13ecbe6992747631043849fa88eb880261a4a4a	343
source_gear_430009	tome	Tome	40	430009	Rune Tome	https://taskbarhero.org/assets/tbhdb/game/gear/tome/TOME_430009.png	03ca215c851730f9591fcc52e585ff4b43947e5da667f1933578dc6a76320d8d	359
source_gear_430010	tome	Tome	45	430010	Crimson Tome	https://taskbarhero.org/assets/tbhdb/game/gear/tome/TOME_430010.png	fcde2a80ce28a0548ae171fb8ea3aa1dddad5c80ff2e4a0b212fa5f04add598b	496
source_gear_430011	tome	Tome	50	430011	Fate Tome	https://taskbarhero.org/assets/tbhdb/game/gear/tome/TOME_430011.png	15388bd9cccd76e7c00d9ed6988cd909e673f81c209971f4f5d5969f764b816e	437
source_gear_430012	tome	Tome	55	430012	Grand Tome	https://taskbarhero.org/assets/tbhdb/game/gear/tome/TOME_430012.png	340dd4965b9854341795c574dde5c1d83da36f811cd9badff7cc177fb47085a5	452
source_gear_430013	tome	Tome	60	430013	Storm Tome	https://taskbarhero.org/assets/tbhdb/game/gear/tome/TOME_430013.png	9b78cfb4ec23fc86be6e9fb25d3d8fc726a9abd9b56d6df58b23b65370821e6b	376
source_gear_430014	tome	Tome	65	430014	Warrior's Tome	https://taskbarhero.org/assets/tbhdb/game/gear/tome/TOME_430014.png	ba5f7a73cb7c4f32fe8b7f08db82827b1797638a5011a1131d69540a265ab5a9	444
source_gear_430015	tome	Tome	70	430015	Void Tome	https://taskbarhero.org/assets/tbhdb/game/gear/tome/TOME_430015.png	ce8a18f1645678ce948b2673fa13a65e4479664e928e990306aed11a7a23f85a	433
source_gear_430016	tome	Tome	75	430016	Crystal Tome	https://taskbarhero.org/assets/tbhdb/game/gear/tome/TOME_430016.png	36be37f0644d4ac6d8e900b1e294fe51ff90ec01de2919735a3f099f7164b55d	434
source_gear_430017	tome	Tome	80	430017	Dimensional Tome	https://taskbarhero.org/assets/tbhdb/game/gear/tome/TOME_430017.png	016e1e28967b5b16f1db61468ae3194cbce3c7a1c82666ecca4f970f87bc9e6a	438
source_gear_430018	tome	Tome	85	430018	Shadow Tome	https://taskbarhero.org/assets/tbhdb/game/gear/tome/TOME_430018.png	09faa42c657ff26e25bca7d0696695969358b1cd2a69bf86c88bd9839a45ef5c	259
source_gear_430019	tome	Tome	90	430019	Eternal Tome	https://taskbarhero.org/assets/tbhdb/game/gear/tome/TOME_430019.png	f2fc6b4bc09299ef79351ca1f203b39571102d3c64a13554befa1c821fafb139	408
source_gear_430020	tome	Tome	100	430020	Empyrean Tome	https://taskbarhero.org/assets/tbhdb/game/gear/tome/TOME_430020.png	c248308345ca1f50da92073632dea126eb7dd42e9d7a7b9b09d9d552ce75ec75	470
